name,districtid,state_id
Kupwara,47,15
Handwara,47,15
Karnah,47,15
Khag,39,15
Beerwah,39,15
Khansahib,39,15
Budgam,39,15
Chadoora,39,15
Charar- E- Shrief,39,15
Leh,48,15
Nubra,48,15
Khalsi,48,15
Kargil,43,15
Sanku,43,15
Zanskar,43,15
Haveli,49,15
Mandi,49,15
Mendhar,49,15
Surankote,49,15
Thanamandi,51,15
Darhal,51,15
Rajauri,51,15
Budhal,51,15
Kalakote,51,15
Nowshehra,51,15
Sunderbani,51,15
Billawar,44,15
Bashohli,44,15
Bani,44,15
Kathua,44,15
Hiranagar,44,15
Sopore,38,15
Rafiabad,38,15
Pattan,38,15
Baramulla,38,15
Kreeri,38,15
Uri,38,15
Boniyar,38,15
Tangmarg,38,15
Gurez,37,15
Bandipora,37,15
Sonawari,37,15
Srinagar (North),56,15
Srinagar (South),56,15
Lar,41,15
Kangan,41,15
Ganderbal,41,15
Pampore,50,15
Awantipora,50,15
Tral,50,15
Pulwama,50,15
Shopian,55,15
Pahalgam,36,15
Bijbehara,36,15
Anantnag,36,15
Shangus,36,15
Kokernag,36,15
Dooru,36,15
Kulgam,46,15
Devsar,46,15
Damhal Hanjipora,46,15
Doda,40,15
Thathri,40,15
Gandoh,40,15
Bhaderwah,40,15
Banihal,52,15
Ramban,52,15
Kishtwar,45,15
Marwah,45,15
Chhatroo,45,15
Atholi (Paddar),45,15
Udhampur,57,15
Chenani,57,15
Ramnagar,57,15
Majalta,57,15
Gool-Gulabgarh,53,15
Reasi,53,15
Akhnoor,42,15
Jammu,42,15
Ranbir Singh Pora,42,15
Bishnah,42,15
Samba,54,15
Pangi,59,14
Chaurah,59,14
Saluni,59,14
Bhalai,59,14
Dalhousie,59,14
Bhattiyat,59,14
Sihunta,59,14
Chamba,59,14
Holi,59,14
Brahmaur,59,14
Nurpur,61,14
Indora,61,14
Fatehpur,61,14
Jawali,61,14
Harchakian,61,14
Shahpur,61,14
Dharmsala,61,14
Kangra,61,14
Nagrota Bagwan,61,14
Baroh,61,14
Dera Gopipur,61,14
Jawalamukhi,61,14
Jaswan,61,14
Rakkar,61,14
Khundian,61,14
Thural,61,14
Dhira,61,14
Jaisinghpur,61,14
Palampur,61,14
Baijnath,61,14
Multhan,61,14
Udaipur,64,14
Lahul,64,14
Spiti,64,14
Manali,63,14
Kullu,63,14
Sainj,63,14
Banjar,63,14
Ani,63,14
Nermand,63,14
Padhar,65,14
Jogindarnagar,65,14
Lad Bharol,65,14
Sandhol,65,14
Dharmpur,65,14
Kotli,65,14
Sarkaghat,65,14
Bhadrota,65,14
Baldwara,65,14
Sundarnagar,65,14
Mandi,65,14
Aut,65,14
Bali Chowki,65,14
Thunag,65,14
Chachyot,65,14
Nihri,65,14
Karsog,65,14
Tira Sujanpur,60,14
Nadaun,60,14
Galore,60,14
Hamirpur,60,14
Barsar,60,14
Dhatwal,60,14
Bhoranj,60,14
Bharwain,69,14
Amb,69,14
Bangana,69,14
Una,69,14
Haroli,69,14
Ghumarwin,58,14
Bharari,58,14
Jhanduta,58,14
Naina Devi,58,14
Bilaspur Sadar,58,14
Namhol,58,14
Arki,68,14
Darlaghat,68,14
Ramshahr,68,14
Nalagarh,68,14
Baddi,68,14
Krishangarh,68,14
Kasauli,68,14
Solan,68,14
Kandaghat,68,14
Rajgarh,67,14
Nohra,67,14
Pachhad,67,14
Renuka,67,14
Dadahu,67,14
Nahan,67,14
Paonta Sahib,67,14
Kamrau,67,14
Shalai,67,14
Ronhat,67,14
Rampur,66,14
Nankhari,66,14
Kumharsain,66,14
Seoni,66,14
Shimla (Rural),66,14
Shimla (Urban),66,14
Junga,66,14
Theog,66,14
Chaupal,66,14
Cheta,66,14
Nerua,66,14
Jubbal,66,14
Kotkhai,66,14
Tikar,66,14
Rohru,66,14
Chirgaon,66,14
Dodra Kwar,66,14
Hangrang,62,14
Poo,62,14
Morang,62,14
Kalpa,62,14
Nichar,62,14
Sangla,62,14
Dhar Kalan,76,28
Pathankot,76,28
Gurdaspur,76,28
Batala,76,28
Dera Baba Nanak,76,28
Bhulath,79,28
Kapurthala,79,28
Sultanpur Lodhi,79,28
Phagwara,79,28
Shahkot,78,28
Nakodar,78,28
Phillaur,78,28
Jalandhar - I,78,28
Jalandhar - Ii,78,28
Dasua,77,28
Mukerian,77,28
Hoshiarpur,77,28
Garhshankar,77,28
Nawanshahr,88,28
Balachaur,88,28
Bassi Pathana,74,28
Fatehgarh Sahib,74,28
Amloh,74,28
Khamanon,74,28
Samrala,80,28
Khanna,80,28
Payal,80,28
Ludhiana (East),80,28
Ludhiana (West),80,28
Raikot,80,28
Jagraon,80,28
Nihal Singhwala,82,28
Bagha Purana,82,28
Moga,82,28
Zira,75,28
Firozpur,75,28
Jalalabad,75,28
Fazilka,75,28
Abohar,75,28
Malout,83,28
Gidderbaha,83,28
Muktsar,83,28
Faridkot,73,28
Jaitu,73,28
Rampura Phul,72,28
Bathinda,72,28
Talwandi Sabo,72,28
Sardulgarh,81,28
Budhlada,81,28
Mansa,81,28
Samana,84,28
Patran,84,28
Nabha,84,28
Patiala,84,28
Rajpura,84,28
Ajnala,70,28
Amritsar -I,70,28
Amritsar- Ii,70,28
Baba Bakala,70,28
Tarn Taran,89,28
Patti,89,28
Khadur Sahib,89,28
Anandpur Sahib,85,28
Nangal,85,28
Rupnagar,85,28
Chamkaur Sahib,85,28
Kharar,86,28
Sas Nagar (Mohali),86,28
Dera Bassi,86,28
Malerkotla,87,28
Dhuri,87,28
Sangrur,87,28
Sunam,87,28
Lehra,87,28
Moonak,87,28
Barnala,71,28
Tapa,71,28
Chandigarh,90,6
Puraula,103,34
Mori,103,34
Rajgarhi,103,34
Dunda,103,34
Chiniyalisaur,103,34
Bhatwari,103,34
Joshimath,93,34
Chamoli,93,34
Pokhari,93,34
Karnaprayag,93,34
Tharali,93,34
Gairsain,93,34
Ukhimath,100,34
Rudraprayag,100,34
Jakholi*,100,34
Ghansali,101,34
Devprayag,101,34
Pratapnagar,101,34
Jakhnidhar,101,34
Tehri,101,34
Dhanaulti,101,34
Narendranagar,101,34
Chakrata,95,34
Tyuni,95,34
Kalsi,95,34
Vikasnagar,95,34
Dehradun,95,34
Rishikesh,95,34
Srinagar,98,34
Pauri,98,34
Thalisain,98,34
Dhoomakot,98,34
Lansdowne,98,34
Satpuli,98,34
Chaubattakhal,98,34
Kotdwara,98,34
Yamkeshwar,98,34
Munsiari,99,34
Dharchula,99,34
Didihat,99,34
Berinag,99,34
Gangolihat,99,34
Pithoragarh,99,34
Kapkot,92,34
Kanda,92,34
Bageshwar,92,34
Garud,92,34
Bhikiyasain,91,34
Chaukhutiya,91,34
Sult,91,34
Ranikhet,91,34
Dwarahat,91,34
Almora,91,34
Someshwar,91,34
Jainti,91,34
Bhanoli,91,34
Champawat,94,34
Pati,94,34
Lohaghat,94,34
Poornagiri,94,34
Kosya Kutauli,97,34
Betalghat,97,34
Nainital,97,34
Dhari,97,34
Haldwani,97,34
Ramnagar,97,34
Kaladhungi,97,34
Lalkuan,97,34
Kashipur,102,34
Jaspur,102,34
Bajpur,102,34
Kichha,102,34
Gadarpur,102,34
Sitarganj,102,34
Khatima,102,34
Roorkee,96,34
Hardwar,96,34
Laksar,96,34
Kalka,118,13
Panchkula,118,13
Naraingarh,104,13
Ambala,104,13
Barara,104,13
Jagadhri,124,13
Bilaspur,124,13
Chhachhrauli,124,13
Shahbad,114,13
Pehowa,114,13
Thanesar,114,13
Guhla,112,13
Kaithal,112,13
Fatehpur Pundri,112,13
Nilokheri,113,13
Indri,113,13
Karnal,113,13
Assandh,113,13
Gharaunda,113,13
Panipat,119,13
Israna,119,13
Samalkha,119,13
Gohana,123,13
Ganaur,123,13
Sonipat,123,13
Kharkhoda,123,13
Narwana,111,13
Jind,111,13
Julana,111,13
Safidon,111,13
Ratia,107,13
Tohana,107,13
Fatehabad,107,13
Dabwali,122,13
Sirsa,122,13
Rania,122,13
Ellenabad,122,13
Adampur,109,13
Hisar,109,13
Narnaund,109,13
Hansi,109,13
Bawani Khera,105,13
Bhiwani,105,13
Tosham,105,13
Siwani,105,13
Loharu,105,13
Dadri,105,13
Badhra,105,13
Maham,121,13
Rohtak,121,13
Sampla,121,13
Beri,110,13
Bahadurgarh,110,13
Jhajjar,110,13
Matenhail,110,13
Mahendragarh,115,13
Narnaul,115,13
Kosli,120,13
Rewari,120,13
Bawal,120,13
Pataudi,108,13
Gurgaon,108,13
Farrukhnagar,108,13
Manesar,108,13
Sohna,108,13
Taoru,116,13
Nuh,116,13
Ferozepur Jhirka,116,13
Punahana,116,13
Faridabad,106,13
Ballabgarh,106,13
Palwal,117,13
Hathin,117,13
Hodal,117,13
Narela,130,10
Saraswati Vihar,130,10
Delhi Cantonment,132,10
Civil Lines,128,10
Sadar Bazar,128,10
Gandhi Nagar,126,10
Kotwali,128,10
Shahdara,129,10
Model Town,130,10
Parliament Street,127,10
Vivek Vihar,126,10
Preet Vihar,126,10
Connaught Place,127,10
Chanakya Puri,127,10
Rajouri Garden,133,10
Darya Ganj,125,10
Pahar Ganj,125,10
Karol Bagh,125,10
Patel Nagar,133,10
Seelam Pur,129,10
Punjabi Bagh,133,10
Najafgarh,132,10
Seema Puri,129,10
Vasant Vihar,132,10
Hauz Khas,131,10
Defence Colony,131,10
Kalkaji,131,10
Karanpur,148,29
Ganganagar,148,29
Sadulshahar,148,29
Padampur,148,29
Raisinghnagar,148,29
Anupgarh,148,29
Gharsana,148,29
Vijainagar,148,29
Suratgarh,148,29
Sangaria,149,29
Tibi,149,29
Hanumangarh,149,29
Pilibanga,149,29
Rawatsar,149,29
Nohar,149,29
Bhadra,149,29
Bikaner,141,29
Poogal,141,29
Lunkaransar,141,29
Kolayat,141,29
Nokha,141,29
Khajuwala,141,29
Chhatargarh,141,29
Sridungargarh,141,29
Taranagar,144,29
Rajgarh,144,29
Sardarshahar,144,29
Churu,144,29
Ratangarh,144,29
Sujangarh,144,29
Jhunjhunun,154,29
Chirawa,154,29
Buhana,154,29
Khetri,154,29
Nawalgarh,154,29
Udaipurwati,154,29
Behror,135,29
Mandawar,135,29
Kotkasim,135,29
Tijara,135,29
Kishangarh Bas,135,29
Ramgarh,135,29
Alwar,135,29
Bansur,135,29
Thanagazi,135,29
Rajgarh,135,29
Lachhmangarh,135,29
Kathumar,135,29
Pahari,139,29
Kaman,139,29
Nagar,139,29
Deeg,139,29
Nadbai,139,29
Kumher,139,29
Bharatpur,139,29
Weir,139,29
Bayana,139,29
Rupbas,139,29
Baseri,146,29
Bari,146,29
Sepau,146,29
Dhaulpur,146,29
Rajakhera,146,29
Todabhim,156,29
Nadoti,156,29
Hindaun,156,29
Karauli,156,29
Mandrail,156,29
Sapotra,156,29
Gangapur,162,29
Bamanwas,162,29
Malarna Doongar,162,29
Bonli,162,29
Chauth Ka Barwara,162,29
Sawai Madhopur,162,29
Khandar,162,29
Baswa,145,29
Mahwa,145,29
Sikrai,145,29
Dausa,145,29
Lalsot,145,29
Kotputli,150,29
Viratnagar,150,29
Shahpura,150,29
Chomu,150,29
Phulera (Sambhar),150,29
Mauzamabad,150,29
Phagi,150,29
Sanganer,150,29
Jaipur,150,29
Amber,150,29
Jamwa Ramgarh,150,29
Bassi,150,29
Chaksu,150,29
Fatehpur,163,29
Lachhmangarh,163,29
Sikar,163,29
Danta Ramgarh,163,29
Sri Madhopur,163,29
Neem-Ka-Thana,163,29
Ladnu,158,29
Didwana,158,29
Jayal,158,29
Nagaur,158,29
Kheenvsar,158,29
Merta,158,29
Degana,158,29
Parbatsar,158,29
Makrana,158,29
Nawa,158,29
Phalodi,155,29
Osian,155,29
Bhopalgarh,155,29
Jodhpur,155,29
Shergarh,155,29
Luni,155,29
Bilara,155,29
Jaisalmer,151,29
Pokaran,151,29
Fatehgarh,151,29
Sheo,138,29
Baytoo,138,29
Pachpadra,138,29
Siwana,138,29
Gudha Malani,138,29
Barmer,138,29
Ramsar,138,29
Chohtan,138,29
Sayla,152,29
Ahore,152,29
Jalor,152,29
Bhinmal,152,29
Bagora,152,29
Sanchore,152,29
Raniwara,152,29
Sheoganj,164,29
Sirohi,164,29
Pindwara,164,29
Abu Road,164,29
Reodar,164,29
Jaitaran,159,29
Raipur,159,29
Sojat,159,29
Rohat,159,29
Pali,159,29
Marwar Junction,159,29
Desuri,159,29
Sumerpur,159,29
Bali,159,29
Kishangarh,134,29
Ajmer,134,29
Peesangan,134,29
Beawar,134,29
Masuda,134,29
Nasirabad,134,29
Bhinay,134,29
Sarwar,134,29
Kekri,134,29
Malpura,165,29
Peeplu,165,29
Niwai,165,29
Tonk,165,29
Todaraisingh,165,29
Deoli,165,29
Uniara,165,29
Hindoli,142,29
Nainwa,142,29
Indragarh,142,29
Keshoraipatan,142,29
Bundi,142,29
Asind,140,29
Hurda,140,29
Shahpura,140,29
Banera,140,29
Mandal,140,29
Raipur,140,29
Sahara,140,29
Bhilwara,140,29
Kotri,140,29
Jahazpur,140,29
Mandalgarh,140,29
Beejoliya,140,29
Bhim,161,29
Deogarh,161,29
Amet,161,29
Kumbhalgarh,161,29
Rajsamand,161,29
Railmagra,161,29
Nathdwara,161,29
Dungarpur,147,29
Aspur,147,29
Sagwara,147,29
Simalwara,147,29
Ghatol,136,29
Garhi,136,29
Banswara,136,29
Bagidora,136,29
Kushalgarh,136,29
Rashmi,143,29
Gangrar,143,29
Begun,143,29
Rawatbhata,143,29
Chittaurgarh,143,29
Kapasan,143,29
Dungla,143,29
Bhadesar,143,29
Nimbahera,143,29
Bari Sadri,143,29
Pipalda,157,29
Digod,157,29
Ladpura,157,29
Ramganj Mandi,157,29
Sangod,157,29
Mangrol,137,29
Antah,137,29
Baran,137,29
Atru,137,29
Kishanganj,137,29
Shahbad,137,29
Chhabra,137,29
Chhipabarod,137,29
Khanpur,153,29
Jhalrapatan,153,29
Aklera,153,29
Manohar Thana,153,29
Pachpahar,153,29
Pirawa,153,29
Gangdhar,153,29
Mavli,166,29
Gogunda,166,29
Kotra,166,29
Jhadol,166,29
Girwa,166,29
Vallabhnagar,166,29
Lasadiya,166,29
Salumbar,166,29
Sarada,166,29
Rishabhdeo,166,29
Kherwara,166,29
Dhariawad,160,29
Peepalkhoont,160,29
Chhoti Sadri,160,29
Pratapgarh,160,29
Arnod,160,29
Behat,227,33
Saharanpur,227,33
Nakur,227,33
Deoband,227,33
Rampur Maniharan,227,33
Kairana,222,33
Shamli,222,33
Muzaffarnagar,222,33
Budhana,222,33
Khatauli,222,33
Jansath,222,33
Najibabad,181,33
Bijnor,181,33
Nagina,181,33
Dhampur,181,33
Chandpur,181,33
Thakurdwara,221,33
Kanth,221,33
Moradabad,221,33
Bilari,221,33
Sambhal,221,33
Chandausi,221,33
Suar,226,33
Tanda,226,33
Bilaspur,226,33
Rampur,226,33
Shahabad,226,33
Milak,226,33
Dhanaura,204,33
Amroha,204,33
Hasanpur,204,33
Sardhana,219,33
Mawana,219,33
Meerut,219,33
Baraut,173,33
Baghpat,173,33
Khekada,173,33
Modinagar,194,33
Ghaziabad,194,33
Hapur,194,33
Garhmukteshwar,194,33
Dadri,193,33
Gautam Buddha Nagar,193,33
Jewar,193,33
Sikandrabad,183,33
Bulandshahr,183,33
Siana,183,33
Anupshahr,183,33
Debai,183,33
Shikarpur,183,33
Khurja,183,33
Khair,168,33
Gabhana,168,33
Atrauli,168,33
Koil,168,33
Iglas,168,33
Sasni,200,33
Sikandra Rao,200,33
Hathras,200,33
Sadabad,200,33
Chhata,217,33
Mat,217,33
Mahavan,217,33
Mathura,217,33
Etmadpur,167,33
Agra,167,33
Kiraoli,167,33
Kheragarh,167,33
Fatehabad,167,33
Bah,167,33
Tundla,192,33
Firozabad,192,33
Jasrana,192,33
Shikohabad,192,33
Mainpuri,216,33
Karhal,216,33
Bhogaon,216,33
Gunnaur,182,33
Bisauli,182,33
Bilsi,182,33
Sahaswan,182,33
Budaun,182,33
Dataganj,182,33
Baheri,179,33
Meerganj,179,33
Aonla,179,33
Bareilly,179,33
Nawabganj,179,33
Faridpur,179,33
Pilibhit,223,33
Bisalpur,223,33
Puranpur,223,33
Powayan,230,33
Tilhar,230,33
Shahjahanpur,230,33
Jalalabad,230,33
Nighasan,210,33
Palia,210,33
Gola Gokaran Nath,210,33
Mohammdi,210,33
Lakhimpur,210,33
Dhaurahara,210,33
Misrikh,233,33
Sitapur,233,33
Laharpur,233,33
Biswan,233,33
Mahmudabad,233,33
Sidhauli,233,33
Shahabad,199,33
Sawayajpur,199,33
Hardoi,199,33
Bilgram,199,33
Sandila,199,33
Safipur,236,33
Hasanganj,236,33
Unnao,236,33
Purwa,236,33
Bighapur,236,33
Malihabad,213,33
Bakshi Ka Talab,213,33
Lucknow,213,33
Mohanlalganj,213,33
Maharajganj,225,33
Tiloi,225,33
Rae Bareli,225,33
Lalganj,225,33
Dalmau,225,33
Unchahar,225,33
Salon,225,33
Kaimganj,190,33
Amritpur,190,33
Farrukhabad,190,33
Chhibramau,205,33
Kannauj,205,33
Tirwa,205,33
Jaswantnagar,188,33
Saifai,188,33
Etawah,188,33
Bharthana,188,33
Chakarnagar,188,33
Bidhuna,171,33
Auraiya,171,33
Rasulabad,206,33
Derapur,206,33
Akbarpur,206,33
Bhognipur,206,33
Sikandra,206,33
Bilhaur,207,33
Kanpur,207,33
Ghatampur,207,33
Madhogarh,201,33
Jalaun,201,33
Kalpi,201,33
Orai,201,33
Konch,201,33
Moth,203,33
Garautha,203,33
Tahrauli,203,33
Mauranipur,203,33
Jhansi,203,33
Talbehat,212,33
Lalitpur,212,33
Mahroni,212,33
Hamirpur,198,33
Rath,198,33
Sarila,198,33
Maudaha,198,33
Kulpahar,215,33
Charkhari,215,33
Mahoba,215,33
Banda,177,33
Baberu,177,33
Atarra,177,33
Naraini,177,33
Karwi,185,33
Mau,185,33
Bindki,191,33
Fatehpur,191,33
Khaga,191,33
Lalganj,224,33
Kunda,224,33
Pratapgarh,224,33
Patti,224,33
Raniganj,224,33
Sirathu,209,33
Manjhanpur,209,33
Chail,209,33
Soraon,169,33
Phulpur,169,33
Allahabad,169,33
Bara,169,33
Karchhana,169,33
Handia,169,33
Meja,169,33
Koraon,169,33
Fatehpur,178,33
Ramnagar,178,33
Nawabganj,178,33
Sirauli Gauspur,178,33
Ramsanehighat,178,33
Haidergarh,178,33
Rudauli,189,33
Milkipur,189,33
Sohawal,189,33
Faizabad,189,33
Bikapur,189,33
Tanda,170,33
Allapur,170,33
Jalalpur,170,33
Akbarpur,170,33
Bhiti,170,33
Musafirkhana,235,33
Gauriganj,235,33
Amethi,235,33
Sultanpur,235,33
Jaisinghpur,235,33
Lambhua,235,33
Kadipur,235,33
Nanpara,174,33
Mahasi,174,33
Bahraich,174,33
Kaiserganj,174,33
Bhinga,231,33
Ikauna,231,33
Balrampur,176,33
Tulsipur,176,33
Utraula,176,33
Gonda,196,33
Colonelganj,196,33
Tarabganj,196,33
Mankapur,196,33
Shohratgarh,232,33
Naugarh,232,33
Bansi,232,33
Itwa,232,33
Domariyaganj,232,33
Bhanpur,180,33
Harraiya,180,33
Basti,180,33
Rudhauli,180,33
Mehdawal,228,33
Khalilabad,228,33
Ghanghata,228,33
Nautanwa,214,33
Nichlaul,214,33
Pharenda,214,33
Maharajganj,214,33
Campierganj,197,33
Sahjanwa,197,33
Gorakhpur,197,33
Chauri Chaura,197,33
Bansgaon,197,33
Khajni,197,33
Gola,197,33
Padrauna,211,33
Hata,211,33
Kasya,211,33
Tamkuhi Raj,211,33
Deoria,186,33
Rudrapur,186,33
Barhaj,186,33
Salempur,186,33
Bhatpar Rani,186,33
Burhanpur,172,33
Sagri,172,33
Azamgarh,172,33
Nizamabad,172,33
Phulpur,172,33
Lalganj,172,33
Mehnagar,172,33
Ghosi,218,33
Madhuban,218,33
Maunath Bhanjan,218,33
Muhammadabad Gohna,218,33
Belthara Road,175,33
Sikanderpur,175,33
Rasra,175,33
Ballia,175,33
Bansdih,175,33
Bairia,175,33
Shahganj,202,33
Badlapur,202,33
Machhlishahr,202,33
Jaunpur,202,33
Mariahu,202,33
Kerakat,202,33
Jakhania,195,33
Saidpur,195,33
Ghazipur,195,33
Mohammadabad,195,33
Zamania,195,33
Sakaldiha,184,33
Chandauli,184,33
Chakia,184,33
Pindra,237,33
Varanasi,237,33
Bhadohi,229,33
Gyanpur,229,33
Aurai,229,33
Mirzapur,220,33
Lalganj,220,33
Marihan,220,33
Chunar,220,33
Ghorawal,234,33
Robertsganj,234,33
Dudhi,234,33
Aliganj,187,33
Etah,187,33
Jalesar,187,33
Kasganj,208,33
Sahawar,208,33
Patiyali,208,33
Sidhaw,275,5
Ramnagar,275,5
Gaunaha,275,5
Mainatanr,275,5
Narkatiaganj,275,5
Lauriya,275,5
Bagaha,275,5
Piprasi,275,5
Madhubani,275,5
Bhitaha,275,5
Thakrahan,275,5
Jogapatti,275,5
Chanpatia,275,5
Sikta,275,5
Majhaulia,275,5
Bettiah,275,5
Bairia,275,5
Nautan,275,5
Raxaul,247,5
Adapur,247,5
Ramgarhwa,247,5
Sugauli,247,5
Banjaria,247,5
Narkatia,247,5
Bankatwa,247,5
Ghorasahan,247,5
Dhaka,247,5
Chiraia,247,5
Motihari,247,5
Turkaulia,247,5
Harsidhi,247,5
Paharpur,247,5
Areraj,247,5
Sangrampur,247,5
Kesaria,247,5
Kalyanpur,247,5
Kotwa,247,5
Piprakothi,247,5
Chakia (Pipra),247,5
Pakri Dayal,247,5
Patahi,247,5
Phenhara,247,5
Madhuban,247,5
Tetaria,247,5
Mehsi,247,5
Purnahiya,270,5
Piprarhi,270,5
Sheohar,270,5
Dumri Katsari,270,5
Tariani Chowk,270,5
Bairgania,271,5
Suppi,271,5
Majorganj,271,5
Sonbarsa,271,5
Parihar,271,5
Sursand,271,5
Bathnaha,271,5
Riga,271,5
Parsauni,271,5
Belsand,271,5
Runisaidpur,271,5
Dumra,271,5
Bajpatti,271,5
Charaut,271,5
Pupri,271,5
Nanpur,271,5
Bokhara,271,5
Madhwapur,258,5
Harlakhi,258,5
Basopatti,258,5
Jainagar,258,5
Ladania,258,5
Laukaha,258,5
Laukahi,258,5
Phulparas,258,5
Babubarhi,258,5
Khajauli,258,5
Kaluahi,258,5
Benipatti,258,5
Bisfi,258,5
Madhubani,258,5
Pandaul,258,5
Rajnagar,258,5
Andhratharhi,258,5
Jhanjharpur,258,5
Ghoghardiha,258,5
Lakhnaur,258,5
Madhepur,258,5
Nirmali,273,5
Basantpur,273,5
Chhatapur,273,5
Pratapganj,273,5
Raghopur,273,5
Saraigarh Bhaptiyahi,273,5
Kishanpur,273,5
Marauna,273,5
Supaul,273,5
Pipra,273,5
Tribeniganj,273,5
Narpatganj,238,5
Forbesganj,238,5
Bhargama,238,5
Raniganj,238,5
Araria,238,5
Kursakatta,238,5
Sikti,238,5
Palasi,238,5
Jokihat,238,5
Terhagachh,255,5
Dighalbank,255,5
Thakurganj,255,5
Pothia,255,5
Bahadurganj,255,5
Kochadhamin,255,5
Kishanganj,255,5
Banmankhi,264,5
Barhara,264,5
Bhawanipur,264,5
Rupauli,264,5
Dhamdaha,264,5
Krityanand Nagar,264,5
Purnia East,264,5
Kasba,264,5
Srinagar,264,5
Jalalgarh,264,5
Amour,264,5
Baisa,264,5
Baisi,264,5
Dagarua,264,5
Falka,253,5
Korha,253,5
Hasanganj,253,5
Kadwa,253,5
Balrampur,253,5
Barsoi,253,5
Azamnagar,253,5
Pranpur,253,5
Dandkhora,253,5
Katihar,253,5
Mansahi,253,5
Barari,253,5
Sameli,253,5
Kursela,253,5
Manihari,253,5
Amdabad,253,5
Gamharia,257,5
Singheshwar,257,5
Ghailarh,257,5
Madhepura,257,5
Shankarpur,257,5
Kumarkhand,257,5
Murliganj,257,5
Gwalpara,257,5
Bihariganj,257,5
Kishanganj,257,5
Puraini,257,5
Alamnagar,257,5
Chausa,257,5
Nauhatta,266,5
Satar Kataiya,266,5
Mahishi,266,5
Kahara,266,5
Saur Bazar,266,5
Patarghat,266,5
Sonbarsa,266,5
Simri Bakhtiarpur,266,5
Salkhua,266,5
Banma Itahri,266,5
Jale,246,5
Singhwara,246,5
Keotiranway,246,5
Darbhanga,246,5
Manigachhi,246,5
Tardih,246,5
Alinagar,246,5
Benipur,246,5
Bahadurpur,246,5
Hanumannagar,246,5
Hayaghat,246,5
Baheri,246,5
Biraul,246,5
Ghanshyampur,246,5
Kiratpur,246,5
Gora Bauram,246,5
Kusheshwar Asthan,246,5
Kusheshwar Asthan Purbi,246,5
Sahebganj,260,5
Baruraj (Motipur),260,5
Paroo,260,5
Saraiya,260,5
Marwan,260,5
Kanti,260,5
Minapur,260,5
Bochaha,260,5
Aurai,260,5
Katra,260,5
Gaighat,260,5
Bandra,260,5
Dholi (Moraul),260,5
Musahri,260,5
Kurhani,260,5
Sakra,260,5
Katiya,249,5
Bijaipur,249,5
Bhorey,249,5
Pach Deuri,249,5
Kuchaikote,249,5
Phulwaria,249,5
Hathua,249,5
Uchkagaon,249,5
Thawe,249,5
Gopalganj,249,5
Manjha,249,5
Barauli,249,5
Sidhwalia,249,5
Baikunthpur,249,5
Nautan,272,5
Siwan,272,5
Barharia,272,5
Goriakothi,272,5
Lakri Nabiganj,272,5
Basantpur,272,5
Bhagwanpur Hat,272,5
Maharajganj,272,5
Pachrukhi,272,5
Hussainganj,272,5
Ziradei,272,5
Mairwa,272,5
Guthani,272,5
Darauli,272,5
Andar,272,5
Raghunathpur,272,5
Hasanpura,272,5
Daraundha,272,5
Siswan,272,5
Mashrakh,268,5
Panapur,268,5
Taraiya,268,5
Ishupur,268,5
Baniapur,268,5
Lahladpur,268,5
Ekma,268,5
Manjhi,268,5
Jalalpur,268,5
Revelganj,268,5
Chapra,268,5
Nagra,268,5
Marhaura,268,5
Amnour,268,5
Maker,268,5
Parsa,268,5
Dariapur,268,5
Garkha,268,5
Dighwara,268,5
Sonepur,268,5
Vaishali,274,5
Paterhi Belsar,274,5
Lalganj,274,5
Bhagwanpur,274,5
Goraul,274,5
Chehra Kalan,274,5
Patepur,274,5
Mahua,274,5
Jandaha,274,5
Raja Pakar,274,5
Hajipur,274,5
Raghopur,274,5
Bidupur,274,5
Desri,274,5
Sahdai Buzurg,274,5
Mahnar,274,5
Kalyanpur,267,5
Warisnagar,267,5
Shivaji Nagar,267,5
Khanpur,267,5
Samastipur,267,5
Pusa,267,5
Tajpur,267,5
Morwa,267,5
Patori,267,5
Mohanpur,267,5
Mohiuddinagar,267,5
Sarairanjan,267,5
Vidyapati Nagar,267,5
Dalsinghsarai,267,5
Ujiarpur,267,5
Bibhutpur,267,5
Rosera,267,5
Singhia,267,5
Hasanpur,267,5
Bithan,267,5
Khudabandpur,242,5
Chhorahi,242,5
Garhpura,242,5
Cheria Bariarpur,242,5
Bhagwanpur,242,5
Mansurchak,242,5
Bachhwara,242,5
Teghra,242,5
Barauni,242,5
Birpur,242,5
Begusarai,242,5
Naokothi,242,5
Bakhri,242,5
Dandari,242,5
Sahebpur Kamal,242,5
Balia,242,5
Matihani,242,5
Shamho Akha Kurha,242,5
Alauli,254,5
Khagaria,254,5
Mansi,254,5
Chautham,254,5
Beldaur,254,5
Gogri,254,5
Parbatta,254,5
Narayanpur,243,5
Bihpur,243,5
Kharik,243,5
Naugachhia,243,5
Rangra Chowk,243,5
Gopalpur,243,5
Pirpainti,243,5
Colgong,243,5
Ismailpur,243,5
Sabour,243,5
Nathnagar,243,5
Sultanganj,243,5
Shahkund,243,5
Goradih,243,5
Jagdishpur,243,5
Sonhaula,243,5
Shambhuganj,241,5
Amarpur,241,5
Rajaun,241,5
Dhuraiya,241,5
Barahat,241,5
Banka,241,5
Phulidumar,241,5
Belhar,241,5
Chanan,241,5
Katoria,241,5
Bausi,241,5
Munger,259,5
Bariarpur,259,5
Jamalpur,259,5
Dharhara,259,5
Kharagpur,259,5
Asarganj,259,5
Tarapur,259,5
Tetiha Bambor,259,5
Sangrampur,259,5
Barahiya,256,5
Pipariya,256,5
Surajgarha,256,5
Lakhisarai,256,5
Chanan*,256,5
Ramgarh Chowk,256,5
Halsi,256,5
Barbigha,269,5
Shekhopur Sarai,269,5
Sheikhpura,269,5
Ghat Kusumbha,269,5
Chewara,269,5
Ariari,269,5
Karai Parsurai,261,5
Nagar Nausa,261,5
Harnaut,261,5
Chandi,261,5
Rahui,261,5
Bind,261,5
Sarmera,261,5
Asthawan,261,5
Bihar,261,5
Noorsarai,261,5
Tharthari,261,5
Parbalpur,261,5
Hilsa,261,5
Ekangarsarai,261,5
Islampur,261,5
Ben,261,5
Rajgir,261,5
Silao,261,5
Giriak,261,5
Katrisarai,261,5
Maner,263,5
Dinapur-Cum-Khagaul,263,5
Patna Rural,263,5
Sampatchak,263,5
Phulwari,263,5
Bihta,263,5
Naubatpur,263,5
Bikram,263,5
Dulhin Bazar,263,5
Paliganj,263,5
Masaurhi,263,5
Dhanarua,263,5
Punpun,263,5
Fatwah,263,5
Daniawan,263,5
Khusrupur,263,5
Bakhtiarpur,263,5
Athmalgola,263,5
Belchhi,263,5
Barh,263,5
Pandarak,263,5
Ghoswari,263,5
Mokameh,263,5
Shahpur,244,5
Arrah,244,5
Barhara,244,5
Koilwar,244,5
Sandesh,244,5
Udwant Nagar,244,5
Behea,244,5
Jagdishpur,244,5
Piro,244,5
Charpokhari,244,5
Garhani,244,5
Agiaon,244,5
Tarari,244,5
Sahar,244,5
Simri,245,5
Chakki,245,5
Barhampur,245,5
Chaugain,245,5
Kesath,245,5
Dumraon,245,5
Buxar,245,5
Chausa,245,5
Rajpur,245,5
Itarhi,245,5
Nawanagar,245,5
Ramgarh,252,5
Nuaon,252,5
Kudra,252,5
Mohania,252,5
Durgawati,252,5
Chand,252,5
Chainpur,252,5
Bhabua,252,5
Rampur,252,5
Bhagwanpur,252,5
Adhaura,252,5
Kochas,265,5
Dinara,265,5
Dawath,265,5
Suryapura,265,5
Bikramganj,265,5
Karakat,265,5
Nasriganj,265,5
Rajpur,265,5
Sanjhauli,265,5
Nokha,265,5
Kargahar,265,5
Chenari,265,5
Nauhatta,265,5
Sheosagar,265,5
Sasaram,265,5
Akorhi Gola,265,5
Dehri,265,5
Tilouthu,265,5
Rohtas,265,5
Daudnagar,240,5
Haspura,240,5
Goh,240,5
Rafiganj,240,5
Obra,240,5
Aurangabad,240,5
Barun,240,5
Nabinagar,240,5
Kutumba,240,5
Deo,240,5
Madanpur,240,5
Konch,248,5
Tikari,248,5
Belaganj,248,5
Khizirsarai,248,5
Neem Chak Bathani,248,5
Muhra,248,5
Atri,248,5
Manpur,248,5
Gaya Town C.D.Block,248,5
Paraiya,248,5
Guraru,248,5
Gurua,248,5
Amas,248,5
Banke Bazar,248,5
Imamganj,248,5
Dumaria,248,5
Sherghati,248,5
Dobhi,248,5
Bodh Gaya,248,5
Tan Kuppa,248,5
Wazirganj,248,5
Fatehpur,248,5
Mohanpur,248,5
Barachatti,248,5
Nardiganj,262,5
Nawada,262,5
Warisaliganj,262,5
Kashi Chak,262,5
Pakribarawan,262,5
Kawakol,262,5
Roh,262,5
Gobindpur,262,5
Akbarpur,262,5
Hisua,262,5
Narhat,262,5
Meskaur,262,5
Sirdala,262,5
Rajauli,262,5
Islamnagar Aliganj,250,5
Sikandra,250,5
Jamui,250,5
Barhat,250,5
Lakshmipur,250,5
Jhajha,250,5
Gidhaur,250,5
Khaira,250,5
Sono,250,5
Chakai,250,5
Ratni Faridpur,251,5
Jehanabad,251,5
Kako,251,5
Modanganj,251,5
Ghoshi,251,5
Makhdumpur,251,5
Hulasganj,251,5
Arwal,239,5
Kaler,239,5
Karpi,239,5
Sonbhadra Banshi Suryapur,239,5
Kurtha,239,5
Chungthang,277,30
Mangan,277,30
Gyalshing,279,30
Soreng,279,30
Namchi,278,30
Ravong,278,30
Gangtok,276,30
Pakyong,276,30
Rongli,276,30
Zemithang,290,3
Lumla,290,3
Dudunghar,290,3
Tawang Circle,290,3
Kitpi Circle,290,3
Jang,290,3
Lhou,290,3
Mukto Circle,290,3
Bongkhar,290,3
Thingbu,290,3
Dirang,294,3
Thembang,294,3
Nafra,294,3
Bomdila,294,3
Kalaktang,294,3
Shergaon,294,3
Rupa,294,3
Singchung,294,3
Jamiri,294,3
Thrizino,294,3
Bhalukpong,294,3
Kamengbari-Doimara,294,3
Balemu,294,3
Seijosa,283,3
Dissing-Passo,283,3
Pakke-Kessang,283,3
Pizirang(Veo),283,3
Richukrong,283,3
Seppa,283,3
Lada,283,3
Bameng,283,3
Pipu-Dipu,283,3
Gyawe Purang,283,3
Khenewa,283,3
Chayangtajo,283,3
Sawa,283,3
Balijan,289,3
Banderdawa,289,3
Sangdupota (Besar Nello),289,3
Taraso,289,3
Itanagar,289,3
Naharlagun,289,3
Doimukh,289,3
Gumto,289,3
Toru,289,3
Sagalee,289,3
Parang,289,3
Leporiang,289,3
Mengio,289,3
Kimin,289,3
Kakoi,289,3
Taksing,293,3
Limeking,293,3
Nacho,293,3
Siyum,293,3
Taliha,293,3
Payeng,293,3
Giba,293,3
Chetam (Peer Yapu),293,3
Daporijo,293,3
Puchi Geko,293,3
Dumporijo,293,3
Gussar,293,3
Gite-Ripa,293,3
Baririjo,293,3
Maro,293,3
Mechuka,295,3
Monigong,295,3
Pidi,295,3
Payum,295,3
Tato,295,3
Kaying,295,3
Darak,295,3
Kamba,295,3
Rumgong,295,3
Jomlo Mobuk,295,3
Liromoba,295,3
Yomcha,295,3
Aalo,295,3
Tirbin,295,3
Basar,295,3
Daring,295,3
Gensi,295,3
Sibe,295,3
Likabali,295,3
Kangku,295,3
Bagra,295,3
Boleng,284,3
Riga,284,3
Pangin,284,3
Kebang,284,3
Rebo-Perging,284,3
Koyu,284,3
Kora,284,3
Nari,284,3
New Seren,284,3
Bilat,284,3
Ruksin,284,3
Sille-Oyan,284,3
Pasighat,284,3
Mebo,284,3
Namsing,284,3
Tuting,292,3
Migging,292,3
Palling,292,3
Gelling,292,3
Singa,292,3
Yingkiong,292,3
Jengging,292,3
Geku,292,3
Mariyang,292,3
Mopom ( Adipasi ),292,3
Katan,292,3
Khimiyong,281,3
Yatdam,281,3
Changlang,281,3
Namtok,281,3
Manmao,281,3
Renuk,281,3
Lyngok-Longtoi,281,3
Nampong,281,3
Tikhak Rima Putok,281,3
Jairampur,281,3
Vijoynagar,281,3
Miao,281,3
Kharsang,281,3
Diyun,281,3
Bordumsa,281,3
Namsang,291,3
Soha,291,3
Khonsa,291,3
Dadam,291,3
Kanubari,291,3
Lawnu,291,3
Longding,291,3
Pumao,291,3
Pangchao,291,3
Wakka,291,3
Laju,291,3
Ziro (Sadar),288,3
Old Ziro,288,3
Yachuli,288,3
Yazali,288,3
Pistana,288,3
Kamporijo,288,3
Dollungmukh,288,3
Raga,288,3
Palin,285,3
Yangte,285,3
Sangram,285,3
Nyapin,285,3
Phassang,285,3
Koloriang,285,3
Chambang,285,3
Gangte,285,3
Tarak-Lengdi,285,3
Sarli,285,3
Parsi-Parlo,285,3
Damin,285,3
Longding Koling (Pipsorang),285,3
Tali,285,3
Mipi,282,3
Anini,282,3
Etalin,282,3
Anelih,282,3
Kronli (Arzoo Circle),282,3
Hunli,287,3
Desali,287,3
Roing,287,3
Dambuk,287,3
Tinali ( Paglam ),287,3
Koronu,287,3
Sunpura,286,3
Tezu,286,3
Wakro,286,3
Chongkham,286,3
Namsai,286,3
Lathao,286,3
Piyong,286,3
Lekang (Mahadevpur),286,3
Hayuliang,280,3
Manchal,280,3
Goiliang,280,3
Chaglagam,280,3
Metengliang,280,3
Kibithoo,280,3
Walong,280,3
Hawai,280,3
Naginimora,301,25
Tizit,301,25
Hunta,301,25
Shangnyu,301,25
Mon Sadar,301,25
Wakching,301,25
Aboi,301,25
Longshen,301,25
Phomching,301,25
Chen,301,25
Angjangyang,301,25
Mopong,301,25
Tobu,301,25
Monyakshu,301,25
Longchem,300,25
Alongkima,300,25
Tuli,300,25
Changtongya,300,25
Chuchuyimlang,300,25
Kubolong,300,25
Mangkolemba,300,25
Merangmen,300,25
Ongpangkong,300,25
V.K.,306,25
Akuluto,306,25
Suruhuto,306,25
Asuto,306,25
Aghunato,306,25
Zunheboto Sadar,306,25
Atoizu,306,25
Akuhaito,306,25
Pughoboto,306,25
Ghathashi,306,25
Satakha,306,25
Saptiqa,306,25
Satoi,306,25
Changpang,305,25
Aitepyong,305,25
Bhandari,305,25
Baghty,305,25
Sungro,305,25
Sanis,305,25
Lotsu,305,25
Ralan,305,25
Wozhuro,305,25
Wokha Sadar,305,25
Englan,305,25
Chukitong,305,25
Niuland,296,25
Aquqhnaqua,296,25
Kuhoboto,296,25
Nihokhu,296,25
Dimapur Sadar,296,25
Chumukedima,296,25
Dhansiripar,296,25
Medziphema,296,25
Sekruzu,303,25
Phek Sadar,303,25
Khuza,303,25
Meluri,303,25
Phor,303,25
Phokhungri,303,25
Chozuba,303,25
Chetheba,303,25
Sakraba,303,25
Pfutsero,303,25
Zuketsa,303,25
Khezhakeno,303,25
Chizami,303,25
Razieba,303,25
Noksen,304,25
Chare,304,25
Longkhim,304,25
Tuensang Sadar,304,25
Ngoungchung,304,25
Sangsangnyu,304,25
Sotokur,304,25
Noklak,304,25
Chingmei,304,25
Nokhu,304,25
Panso,304,25
Shamator,304,25
Tsurungto,304,25
Chessore,304,25
Mangko,304,25
Thonoknyu,304,25
Tamlu,299,25
Namsang,299,25
Yongnyah,299,25
Longleng,299,25
Sakshi,299,25
Seyochung,297,25
Amahator,297,25
Kiphire Sadar,297,25
Kiusam,297,25
Sitimi,297,25
Longmatra,297,25
Pungro,297,25
Khongsa,297,25
Tseminyu,298,25
Tsogin,298,25
Chiephobozou,298,25
Botsa,298,25
Kezocha,298,25
Jakhama,298,25
Kohima Sadar,298,25
Sechu-Zubza,298,25
Pedi (Ngwalwa),302,25
Jalukie,302,25
Athibung,302,25
Kebai Khelma,302,25
Nsong,302,25
Tening,302,25
Peren,302,25
Mao-Maram,312,22
Paomata,312,22
Purul,312,22
Sadar Hills West,312,22
Saitu-Gamphazol,312,22
Sadar Hills East,312,22
Tamenglong West,313,22
Tamenglong North,313,22
Tamenglong,313,22
Nungba,313,22
Tipaimukh,309,22
Thanlon,309,22
Churachandpur North,309,22
Churachandpur,309,22
Singngat,309,22
Nambol,307,22
Bishnupur,307,22
Moirang,307,22
Lilong,314,22
Thoubal,314,22
Kakching,314,22
Lamshang,311,22
Patsoi,311,22
Lamphelpat,311,22
Wangoi,311,22
Jiribam,310,22
Sawombung,310,22
Porompat,310,22
Keirao Bitra,310,22
Ukhrul North,315,22
Ukhurl Central,315,22
Kamjong-Chassad,315,22
Phungyar-Phaisat,315,22
Ukhrul South,315,22
Machi,308,22
Tengnoupal,308,22
Chandel,308,22
Chakpikarong,308,22
Zawlnuam,321,24
West Phaileng,321,24
Reiek,321,24
N Thingdawl,318,24
Bilkhawthlir,318,24
Tlangnuam (Part),318,24
Darlawn,316,24
Phullen,316,24
Aibawk,316,24
Thingsulthliah (Part),316,24
Ngopa,317,24
Khawzawl,317,24
Champhai,317,24
Khawbung,317,24
East Lungdar (Part),317,24
Serchhip,323,24
West Bunghmun,320,24
Lungsen,320,24
Lunglei,320,24
Hnahthial,320,24
Chawngte,319,24
Lawngtlai,319,24
S Bungtlang,319,24
Sangau,319,24
Tuipang,322,24
Saiha,322,24
Mohanpur,327,32
Hezamara,327,32
Padmabil,327,32
Khowai,327,32
Tulashikhar,327,32
Kalyanpur,327,32
Teliamura,327,32
Mungiakumi,327,32
Mandai,327,32
Jirania,327,32
Dukli,327,32
Jampuijala,327,32
Bishalgarh,327,32
Boxanagar,327,32
Melaghar,327,32
Kathalia,327,32
Killa,326,32
Amarpur,326,32
Ompi,326,32
Matarbari,326,32
Kakraban,326,32
Rajnagar,326,32
Hrishyamukh,326,32
Bokafa,326,32
Karbuk,326,32
Rupaichhari,326,32
Satchand,326,32
Salema,324,32
Manu,324,32
Ambassa,324,32
Chhamanu,324,32
Dumburnagar,324,32
Gournagar,325,32
Kadamtala,325,32
Panisagar,325,32
Damchhara,325,32
Pencharthal,325,32
Kumarghat,325,32
Dasda,325,32
Jampuii Hills,325,32
Selsella,333,23
Dadenggiri,333,23
Tikrikilla,333,23
Rongram,333,23
Betasing,333,23
Zikzak,333,23
Gambegre,333,23
Dalu,333,23
Resubelpara,328,23
Dambo Rongjeng,328,23
Kharkutta,328,23
Songsak,328,23
Samanda,328,23
Chokpot,332,23
Gasuapara,332,23
Baghmara,332,23
Rongara,332,23
Mawshynrut,334,23
Nongstoin,334,23
Mawthadraishan,334,23
Mairang,334,23
Ranikor,334,23
Mawkyrwat,334,23
Umling,331,23
Jirang,331,23
Umsning,331,23
Mawphlang,329,23
Mylliem,329,23
Mawryngkneng,329,23
Mawkynrew,329,23
Khatarshnong Laitkroh,329,23
Mawsynram,329,23
Shella Bholaganj,329,23
Pynursla,329,23
Thadlaskein,330,23
Laskein,330,23
Amlarem,330,23
Khliehriat,330,23
Saipung,330,23
Gossaigaon (Pt),353,4
Bhowraguri,353,4
Dotoma,353,4
Kokrajhar (Pt),353,4
Bagribari (Pt),353,4
Golokganj (Pt),353,4
Dhubri (Pt),353,4
Bilasipara (Pt),353,4
Chapar (Pt),353,4
Agamoni,342,4
South Salmara,342,4
Mankachar,342,4
Lakhipur,345,4
Balijana,345,4
Matia,345,4
Dudhnai,345,4
Rangjuli,345,4
Barnagar (Pt),336,4
Kalgachia,336,4
Baghbor,336,4
Chenga,336,4
Barpeta,336,4
Sarthebari,336,4
Bajali (Pt),336,4
Sarupeta (Pt),336,4
Jalah (Pt),336,4
Mayong,355,4
Bhuragaon,355,4
Laharighat,355,4
Marigaon,355,4
Mikirbheta,355,4
Kaliabor,356,4
Samaguri,356,4
Rupahi,356,4
Dhing,356,4
Nagaon,356,4
Raha,356,4
Kampur,356,4
Hojai,356,4
Doboka,356,4
Lanka,356,4
Dhekiajuli (Pt),359,4
Chariduar,359,4
Tezpur,359,4
Na-Duar,359,4
Biswanath,359,4
Helem,359,4
Gohpur,359,4
Narayanpur,354,4
Bihpuria,354,4
Naobaicha,354,4
Kadam,354,4
North Lakhimpur,354,4
Dhakuakhana (Pt),354,4
Subansiri (Pt),354,4
Dhemaji,341,4
Sissibargaon,341,4
Jonai,341,4
Gogamukh,341,4
Sadiya,360,4
Doom Dooma,360,4
Tinsukia,360,4
Margherita,360,4
Dibrugarh West,343,4
Dibrugarh East,343,4
Chabua,343,4
Tengakhat,343,4
Moran,343,4
Tingkhong,343,4
Naharkatiya,343,4
Dimow,358,4
Sibsagar,358,4
Amguri,358,4
Nazira,358,4
Sonari,358,4
Mahmora,358,4
Majuli,348,4
Jorhat West,348,4
Jorhat East,348,4
Teok,348,4
Titabor,348,4
Mariani,348,4
Bokakhat,346,4
Khumtai,346,4
Dergaon,346,4
Golaghat,346,4
Morangi,346,4
Sarupathar,346,4
Donka,351,4
Diphu,351,4
Phuloni,351,4
Silonijan,351,4
Umrangso,344,4
Haflong,344,4
Mahur,344,4
Maibong,344,4
Katigora,338,4
Silchar,338,4
Udarbond,338,4
Sonai,338,4
Lakhipur,338,4
Karimganj,352,4
Badarpur,352,4
Nilambazar,352,4
Patharkandi,352,4
Ramkrishna Nagar,352,4
Algapur,347,4
Hailakandi,347,4
Lala,347,4
Katlichara,347,4
Bongaigaon (Pt),337,4
Boitamari,337,4
Srijangram,337,4
Sidli (Pt),337,4
Bijni (Pt),337,4
Bengtol,339,4
Rangia (Pt),349,4
Koya,349,4
Kamalpur,349,4
Hajo,349,4
Chhaygaon,349,4
Goroimari,349,4
Chamaria,349,4
Nagarbera,349,4
Boko,349,4
Palasbari,349,4
North Guwahati (Pt),349,4
Goreswar (Pt),349,4
Azara,350,4
Guwahati,350,4
Dispur,350,4
Sonapur,350,4
Chandrapur,350,4
Tihu (Pt),357,4
Pachim Nalbari,357,4
Barkhetri,357,4
Barbhag,357,4
Nalbari,357,4
Banekuchi,357,4
Ghograpar (Pt),357,4
Baganpara (Pt),357,4
Barama (Pt),357,4
Baska,335,4
Tamulpur,335,4
Pathorighat (Pt),335,4
Khoirabari (Pt),340,4
Sipajhar,340,4
Mangaldoi (Pt),340,4
Dalgaon (Pt),340,4
Kalaigaon (Pt),340,4
Harisinga,361,4
Udalguri,361,4
Mazbat,361,4
Darjeeling Pulbazar,367,35
Rangli Rangliot,367,35
Kalimpong -I,367,35
Kalimpong - Ii,367,35
Gorubathan,367,35
Jorebunglow Sukiapokhri,367,35
Mirik,367,35
Kurseong,367,35
Matigara,367,35
Naxalbari,367,35
Phansidewa,367,35
Kharibari,367,35
Rajganj,370,35
Mal,370,35
Matiali,370,35
Nagrakata,370,35
Madarihat,370,35
Kalchini,370,35
Kumargram,370,35
Alipurduar - I,370,35
Alipurduar - Ii,370,35
Falakata,370,35
Dhupguri,370,35
Maynaguri,370,35
Jalpaiguri,370,35
Haldibari,365,35
Mekliganj,365,35
Mathabhanga - I,365,35
Mathabhanga - Ii,365,35
Cooch Behar - I,365,35
Cooch Behar - Ii,365,35
Tufanganj - I,365,35
Tufanganj - Ii,365,35
Dinhata - I,365,35
Dinhata - Ii,365,35
Sitai,365,35
Sitalkuchi,365,35
Chopra,380,35
Islampur,380,35
Goalpokhar - I,380,35
Goalpokhar - Ii,380,35
Karandighi,380,35
Raiganj,380,35
Hemtabad,380,35
Kaliaganj,380,35
Itahar,380,35
Kushmundi,366,35
Gangarampur,366,35
Kumarganj,366,35
Hilli,366,35
Balurghat,366,35
Tapan,366,35
Bansihari,366,35
Harirampur,366,35
Harischandrapur - I,372,35
Harischandrapur - Ii,372,35
Chanchal - I,372,35
Chanchal - Ii,372,35
Ratua - I,372,35
Ratua - Ii,372,35
Gazole,372,35
Bamangola,372,35
Habibpur,372,35
Maldah (Old),372,35
English Bazar,372,35
Manikchak,372,35
Kaliachak - I,372,35
Kaliachak - Ii,372,35
Kaliachak - Iii,372,35
Farakka,373,35
Samserganj,373,35
Suti - I,373,35
Suti - Ii,373,35
Raghunathganj - I,373,35
Raghunathganj - Ii,373,35
Lalgola,373,35
Sagardighi,373,35
Bhagawangola - I,373,35
Bhagawangola - Ii,373,35
Raninagar - Ii,373,35
Jalangi,373,35
Domkal,373,35
Raninagar - I,373,35
Murshidabad Jiaganj,373,35
Nabagram,373,35
Khargram,373,35
Kandi,373,35
Berhampore,373,35
Hariharpara,373,35
Nawda,373,35
Beldanga - I,373,35
Beldanga - Ii,373,35
Bharatpur - Ii,373,35
Bharatpur - I,373,35
Burwan,373,35
Murarai - I,364,35
Murarai - Ii,364,35
Nalhati - I,364,35
Nalhati - Ii,364,35
Rampurhat - I,364,35
Rampurhat - Ii,364,35
Mayureswar - I,364,35
Mayureswar - Ii,364,35
Mohammad Bazar,364,35
Rajnagar,364,35
Suri - I,364,35
Suri - Ii,364,35
Sainthia,364,35
Labpur,364,35
Nanoor,364,35
Bolpur Sriniketan,364,35
Illambazar,364,35
Dubrajpur,364,35
Khoyrasol,364,35
Salanpur,363,35
Barabani,363,35
Jamuria,363,35
Raniganj,363,35
Ondal,363,35
Pandabeswar,363,35
Faridpur Durgapur,363,35
Kanksa,363,35
Ausgram - Ii,363,35
Ausgram - I,363,35
Mangolkote,363,35
Ketugram - I,363,35
Ketugram - Ii,363,35
Katwa - I,363,35
Katwa - Ii,363,35
Purbasthali - I,363,35
Purbasthali - Ii,363,35
Manteswar,363,35
Bhatar,363,35
Galsi - I,363,35
Galsi - Ii,363,35
Burdwan - I,363,35
Burdwan - Ii,363,35
Memari - I,363,35
Memari - Ii,363,35
Kalna - I,363,35
Kalna - Ii,363,35
Jamalpur,363,35
Raina - I,363,35
Khandaghosh,363,35
Raina - Ii,363,35
Karimpur - I,374,35
Karimpur - Ii,374,35
Tehatta - I,374,35
Tehatta - Ii,374,35
Kaliganj,374,35
Nakashipara,374,35
Chapra,374,35
Krishnagar - Ii,374,35
Nabadwip,374,35
Krishnagar - I,374,35
Krishnaganj,374,35
Hanskhali,374,35
Santipur,374,35
Ranaghat - I,374,35
Ranaghat - Ii,374,35
Chakdah,374,35
Haringhata,374,35
Bagda,375,35
Bongaon,375,35
Gaighata,375,35
Swarupnagar,375,35
Habra - I,375,35
Habra - Ii,375,35
Amdanga,375,35
Barrackpur - I,375,35
Barrackpur - Ii,375,35
Barasat - I,375,35
Barasat - Ii,375,35
Deganga,375,35
Baduria,375,35
Basirhat - I,375,35
Basirhat - Ii,375,35
Haroa,375,35
Rajarhat,375,35
Minakhan,375,35
Sandeshkhali - I,375,35
Sandeshkhali - Ii,375,35
Hasnabad,375,35
Hingalganj,375,35
Goghat - I,368,35
Goghat - Ii,368,35
Arambag,368,35
Pursura,368,35
Tarakeswar,368,35
Dhaniakhali,368,35
Pandua,368,35
Balagarh,368,35
Chinsurah - Magra,368,35
Polba - Dadpur,368,35
Haripal,368,35
Singur,368,35
Serampur Uttarpara,368,35
Chanditala - I,368,35
Chanditala - Ii,368,35
Jangipara,368,35
Khanakul - I,368,35
Khanakul - Ii,368,35
Saltora,362,35
Mejhia,362,35
Gangajalghati,362,35
Chhatna,362,35
Indpur,362,35
Bankura - I,362,35
Bankura - Ii,362,35
Barjora,362,35
Sonamukhi,362,35
Patrasayer,362,35
Indus,362,35
Kotulpur,362,35
Jaypur,362,35
Vishnupur,362,35
Onda,362,35
Taldangra,362,35
Simlapal,362,35
Khatra,362,35
Hirbandh,362,35
Ranibundh,362,35
Raipur,362,35
Sarenga,362,35
Jaipur,378,35
Purulia - Ii,378,35
Para,378,35
Raghunathpur - Ii,378,35
Raghunathpur - I,378,35
Neturia,378,35
Santuri,378,35
Kashipur,378,35
Hura,378,35
Purulia - I,378,35
Puncha,378,35
Arsha,378,35
Jhalda - I,378,35
Jhalda - Ii,378,35
Bagmundi,378,35
Balarampur,378,35
Barabazar,378,35
Manbazar - I,378,35
Manbazar - Ii,378,35
Bundwan,378,35
Udaynarayanpur,369,35
Amta - Ii,369,35
Amta - I,369,35
Jagatballavpur,369,35
Domjur,369,35
Bally Jagachha,369,35
Sankrail,369,35
Panchla,369,35
Uluberia - Ii,369,35
Uluberia - I,369,35
Bagnan - I,369,35
Bagnan - Ii,369,35
Shyampur - I,369,35
Shyampur - Ii,369,35
Thakurpukur Mahestola,379,35
Budge Budge - I,379,35
Budge Budge - Ii,379,35
Bishnupur - I,379,35
Bishnupur - Ii,379,35
Sonarpur,379,35
Bhangar - I,379,35
Bhangar - Ii,379,35
Canning - I,379,35
Canning - Ii,379,35
Baruipur,379,35
Magrahat - Ii,379,35
Magrahat - I,379,35
Falta,379,35
Diamond Harbour - I,379,35
Diamond Harbour - Ii,379,35
Kulpi,379,35
Mandirbazar,379,35
Mathurapur - I,379,35
Jaynagar - I,379,35
Jaynagar - Ii,379,35
Kultali,379,35
Basanti,379,35
Gosaba,379,35
Mathurapur - Ii,379,35
Kakdwip,379,35
Sagar,379,35
Namkhana,379,35
Patharpratima,379,35
Binpur - Ii,376,35
Binpur - I,376,35
Garbeta - Ii,376,35
Garbeta - I,376,35
Garbeta - Iii,376,35
Chandrakona - I,376,35
Chandrakona - Ii,376,35
Ghatal,376,35
Daspur - I,376,35
Daspur - Ii,376,35
Keshpur,376,35
Salbani,376,35
Midnapore,376,35
Jhargram,376,35
Jamboni,376,35
Gopiballavpur - Ii,376,35
Gopiballavpur - I,376,35
Nayagram,376,35
Sankrail,376,35
Kharagpur - I,376,35
Kharagpur - Ii,376,35
Debra,376,35
Pingla,376,35
Sabang,376,35
Narayangarh,376,35
Keshiary,376,35
Dantan - I,376,35
Dantan - Ii,376,35
Mohanpur,376,35
Panskura,377,35
Kolaghat,377,35
Tamluk,377,35
Sahid Matangini,377,35
Nanda Kumar,377,35
Mahisadal,377,35
Moyna,377,35
Potashpur - I,377,35
Potashpur - Ii,377,35
Bhagawanpur - Ii,377,35
Bhagawanpur - I,377,35
Chandipur,377,35
Sutahata,377,35
Haldia,377,35
Nandigram - I,377,35
Nandigram - Ii,377,35
Khejuri - I,377,35
Khejuri - Ii,377,35
Contai - I,377,35
Deshopran,377,35
Contai - Iii,377,35
Egra - I,377,35
Egra - Ii,377,35
Ramnagar - I,377,35
Ramnagar - Ii,377,35
Kharaundhi,387,16
Bhawnathpur,387,16
Ketar*,387,16
Kandi,387,16
Majhiaon,387,16
Bardiha,387,16
Ramna,387,16
Bishunpura,387,16
Nagaruntari,387,16
Dhurki,387,16
Sagma,387,16
Dandai,387,16
Chinia,387,16
Meral (Pipra Kalan),387,16
Garhwa,387,16
Danda,387,16
Ranka,387,16
Ramkanda,387,16
Bhandaria,387,16
Shaligram Ram Narayanpur(Hunterganj),382,16
Pratappur,382,16
Kunda,382,16
Lawalaung,382,16
Chatra,382,16
Kanha Chatti,382,16
Itkhori,382,16
Mayur Hand,382,16
Gidhaur,382,16
Pathalgora,382,16
Simaria,382,16
Tandwa,382,16
Satgawan,394,16
Kodarma,394,16
Domchanch,394,16
Jainagar,394,16
Chandwara,394,16
Markacho,394,16
Gawan,388,16
Tisri,388,16
Deori,388,16
Dhanwar,388,16
Jamua,388,16
Bengabad,388,16
Gande,388,16
Giridih,388,16
Birni,388,16
Bagodar,388,16
Sariya,388,16
Dumri,388,16
Pirtanr,388,16
Deoghar,383,16
Mohanpur,383,16
Sarwan,383,16
Sona Rai Tharhi,383,16
Devipur,383,16
Madhupur,383,16
Margo Munda,383,16
Karon,383,16
Sarath,383,16
Palojori,383,16
Meherma,389,16
Thakurgangti,389,16
Boarijor,389,16
Mahagama,389,16
Pathargama,389,16
Bashant Rai*,389,16
Godda,389,16
Poreyahat,389,16
Sundarpahari,389,16
Sahibganj,401,16
Mandro,401,16
Borio,401,16
Barhait,401,16
Taljhari,401,16
Rajmahal,401,16
Udhwa,401,16
Pathna,401,16
Barharwa,401,16
Litipara,397,16
Amrapara,397,16
Hiranpur,397,16
Pakaur,397,16
Maheshpur,397,16
Pakuria,397,16
Tundi,384,16
Purbi Tundi*,384,16
Topchanchi,384,16
Baghmara-Cum-Katras,384,16
Gobindpur,384,16
Dhanbad-Cum-Kenduadih-Cum-Jagata,384,16
Jharia-Cum-Jorapokhar-Cum-Sindri,384,16
Baliapur,384,16
Nirsa-Cum-Chirkunda,384,16
Nawadih,381,16
Chandrapura,381,16
Bermo,381,16
Gumia,381,16
Peterwar,381,16
Kasmar,381,16
Jaridih,381,16
Chas,381,16
Chandankiyari,381,16
Kisko,396,16
Peshrar,396,16
Kuru,396,16
Kairo,396,16
Lohardaga,396,16
Senha,396,16
Bhandra,396,16
Patamda,386,16
Boram,386,16
Golmuri-Cum-Jugsalai,386,16
Ghatshila,386,16
Potka,386,16
Musabani,386,16
Dumaria,386,16
Dhalbhumgarh,386,16
Gurbandha,386,16
Chakulia,386,16
Baharagora,386,16
Hussainabad,398,16
Haidernagar,398,16
Mohammad Ganj,398,16
Hariharganj,398,16
Pipra,398,16
Chhatarpur,398,16
Nawadiha Bazar/Nawadiha*,398,16
Pandu,398,16
Untari Road,398,16
Bishrampur,398,16
Nawa Bazar,398,16
Patan,398,16
Padwa,398,16
Manatu,398,16
Tarhasi,398,16
Panki,398,16
Satbarwa,398,16
Nilambar-Pitambarpur(Lesliganj),398,16
Medininagar(Daltonganj),398,16
Chainpur,398,16
Manika,395,16
Barwadih,395,16
Mahuadanr,395,16
Garu,395,16
Latehar,395,16
Balumath,395,16
Bariyatu,395,16
Herhanj,395,16
Chandwa,395,16
Chauparan,391,16
Barhi,391,16
Padma,391,16
Ichak,391,16
Tati Jhariya,391,16
Daru,391,16
Barkatha,391,16
Chalkusa,391,16
Bishungarh,391,16
Hazaribag,391,16
Katkamsandi,391,16
Katamdag,391,16
Keredari,391,16
Barkagaon,391,16
Churchu,391,16
Dadi,391,16
Patratu,399,16
Mandu,399,16
Ramgarh,399,16
Dulmi,399,16
Chitarpur,399,16
Gola,399,16
Saraiyahat,385,16
Jarmundi,385,16
Ramgarh,385,16
Gopikandar,385,16
Kathikund,385,16
Shikaripara,385,16
Ranishwar,385,16
Dumka,385,16
Jama,385,16
Masalia,385,16
Narayanpur,392,16
Karma Tanr Vidyasagar*,392,16
Jamtara,392,16
Nala,392,16
Fatehpur,392,16
Kundhit,392,16
Burmu,400,16
Khelari,400,16
Kanke,400,16
Ormanjhi,400,16
Angara,400,16
Rahe,400,16
Silli,400,16
Sonahatu,400,16
Namkum,400,16
Ratu,400,16
Nagri,400,16
Mandar,400,16
Chanho,400,16
Bero,400,16
Itki,400,16
Lapung,400,16
Bundu,400,16
Tamar I,400,16
Karra,393,16
Torpa,393,16
Rania,393,16
Murhu,393,16
Khunti,393,16
Erki(Tamar Ii),393,16
Bishunpur,390,16
Ghaghra,390,16
Sisai,390,16
Verno,390,16
Kamdara,390,16
Basia,390,16
Gumla,390,16
Chainpur,390,16
Dumri,390,16
Albert Ekka(Jari),390,16
Raidih,390,16
Palkot,390,16
Simdega,403,16
Pakar Tanr,403,16
Kurdeg,403,16
Kersai,403,16
Bolba,403,16
Thethaitangar,403,16
Kolebira,403,16
Jaldega,403,16
Bansjor,403,16
Bano,403,16
Sonua,404,16
Gudri,404,16
Bandgaon,404,16
Chakradharpur,404,16
Khuntpani,404,16
Goilkera,404,16
Anandpur,404,16
Manoharpur,404,16
Noamundi,404,16
Tonto,404,16
Hat Gamharia,404,16
Chaibasa,404,16
Tantnagar,404,16
Manjhari,404,16
Jhinkpani,404,16
Jagannathpur,404,16
Kumardungi,404,16
Majhgaon,404,16
Kuchai,402,16
Kharsawan,402,16
Chandil,402,16
Ichagarh,402,16
Kukru,402,16
Nimdih,402,16
Adityapur(Gamharia),402,16
Saraikela,402,16
Gobindpur(Rajnagar),402,16
Paikamal,408,26
Jharbandha,408,26
Padmapur,408,26
Burdenp.S.,408,26
Gaisilet,408,26
Melchhamunda,408,26
Sohela,408,26
Bijepur,408,26
Barapali,408,26
Bheden,408,26
Bargarh,408,26
Bargarh Sadar,408,26
Bhatli,408,26
Ambabhona,408,26
Attabira,408,26
Rengali,418,26
Lakhanpur,418,26
Belpahar,418,26
Banaharapali,418,26
Orient,418,26
Brajarajnagar,418,26
Jharsuguda,418,26
Badmal,418,26
Laikera,418,26
Kolabira,418,26
Govindpur,432,26
Mahulpalli,432,26
Kochinda,432,26
Katarbaga,432,26
Thelkoloi,432,26
Rengali,432,26
Sasan,432,26
Hirakud,432,26
Burla,432,26
Dhanupali,432,26
Ainthapali,432,26
Sadar,432,26
Jamankira,432,26
Kisinda,432,26
Jujomura,432,26
Dhama,432,26
Charamal,432,26
Rairakhol,432,26
Naktideul,432,26
Sambalpur (M),432,26
Debagarh,412,26
Barkot,412,26
Kundheigola,412,26
Reamal,412,26
Hemgir,434,26
Lephripara,434,26
Bhasma,434,26
Dharuadihi,434,26
Sundargarh Town,434,26
Sundargarh,434,26
Kinjirkela,434,26
Talasara,434,26
Baragaon,434,26
Kutra,434,26
Rajagangapur,434,26
Raiboga,434,26
Biramitrapur,434,26
Hatibari,434,26
Bisra,434,26
Bondamunda,434,26
Brahmani Tarang,434,26
Raghunathapali,434,26
Tangarapali,434,26
Lathikata,434,26
Chandiposh,434,26
Kamarposh Balang,434,26
Koida,434,26
Lahunipara,434,26
Gurundia,434,26
Tikaetpali,434,26
Banei,434,26
Mahulapada,434,26
Raurkela (M),434,26
Raurkela (Its)P.S.,434,26
Barbil,422,26
Bolani,422,26
Rugudi,422,26
Joda,422,26
Bamebari,422,26
Champua,422,26
Jhumpura,422,26
Baria,422,26
Turumunga,422,26
Patana,422,26
Kendujhar Sadar,422,26
Kendujhar Town,422,26
Nayakote,422,26
Kanjipani,422,26
Telkoi,422,26
Pandapara,422,26
Ghatgaon,422,26
Harichandanpur,422,26
Daitari,422,26
Ghasipura,422,26
Anandapur,422,26
Soso,422,26
Nandipada,422,26
Sainkul,422,26
Tiring,426,26
Bahalda,426,26
Jamda,426,26
Rairangpur Town,426,26
Gorumahisani,426,26
Jharpokharia,426,26
Bisoi,426,26
Rairangpur,426,26
Badampahar,426,26
Jashipur,426,26
Raruan,426,26
Ghagarbeda,426,26
Karanjia,426,26
Thakurmunda,426,26
Baripada Sadar,426,26
Baripada Town,426,26
Koliana,426,26
Bangiriposi,426,26
Chandua,426,26
Suliapada,426,26
Muruda,426,26
Rasagobindapur,426,26
Baisinga,426,26
Betanati,426,26
Barsahi,426,26
Khunta,426,26
Udala,426,26
Kaptipada,426,26
Sharata,426,26
Mahuldiha,426,26
Baripada (M),426,26
Raibania,407,26
Jaleswar,407,26
Bhograi,407,26
Kamarda,407,26
Baliapal,407,26
Singla,407,26
Basta,407,26
Rupsa,407,26
Baleshwar Sadar,407,26
Sahadevkhunta,407,26
Chandipur,407,26
Balaramgadi Marine,407,26
Bampada,407,26
Remuna,407,26
Nilagiri,407,26
Berhampur,407,26
Oupada,407,26
Khaira,407,26
Soro,407,26
Similia,407,26
Baleshwar (M),407,26
Agarpada,409,26
Bant,409,26
Bhandari Pokhari,409,26
Dhamanagar,409,26
Bhadrak Rural,409,26
Basudebpur,409,26
Naikanidihi,409,26
Tihidi,409,26
Dhusuri,409,26
Chandabali,409,26
Bansada,409,26
Dhamara Marine,409,26
Rajkanika,421,26
Rajnagar,421,26
Jamboo Marine,421,26
Aali,421,26
Pattamundai,421,26
Kendrapara,421,26
Kendrapara Sadar,421,26
Nikirai,421,26
Derabish,421,26
Patkura,421,26
Marsaghai,421,26
Mahakalapada,421,26
Paradip,416,26
Paradeep Lock,416,26
Kujang,416,26
Abhyachandpur,416,26
Ersama,416,26
Tirtol,416,26
Jagatsinghapur,416,26
Biridi,416,26
Naugaon,416,26
Balikuda,416,26
Narasinghpur,411,26
Kanpur,411,26
Badamba,411,26
Baidyeswar,411,26
Banki,411,26
Tigiria,411,26
Athagad,411,26
Barang,411,26
Gurudijhatia,411,26
Khuntuni,411,26
Choudwar,411,26
Tangi,411,26
Mahanga,411,26
Salepur,411,26
Nischintakoili,411,26
Nemalo,411,26
Kishannagar,411,26
Jagatpur,411,26
Cuttack Sadar,411,26
Kandarpur,411,26
C.R.R.I.,411,26
Gobindpur,411,26
Olatapur,411,26
Niali,411,26
Cuttack (M.Corp.) P.S,411,26
Sukinda,417,26
Tomka,417,26
Kaliapani,417,26
Kalinganagar,417,26
Jakhapura,417,26
Jajapur Road,417,26
Korai,417,26
Panikoili,417,26
Jajapur,417,26
Jajpur Sadar,417,26
Dharmasala,417,26
Jenapur,417,26
Kuakhia,417,26
Badachana,417,26
Balichandrapur,417,26
Binjharpur,417,26
Bari - Ramachandrapur,417,26
Mangalpur,417,26
Parajang,413,26
Kamakshyanagar,413,26
Kankadahad,413,26
Bhuban,413,26
Gandia,413,26
Nihalprasad,413,26
Tumusingha,413,26
Motunga,413,26
Bhusan Steel Limited,413,26
Balimi,413,26
Hindol,413,26
Rasol,413,26
Dhenkanal Sadar,413,26
Palalahada,405,26
Khamar,405,26
Rengali Damsite,405,26
Kaniha,405,26
N.T.P.C.,405,26
Samal Barrage,405,26
Talcher Sadar,405,26
Colliery,405,26
Bikrampur,405,26
Nalco,405,26
Banarpal,405,26
Anugul,405,26
Jarapada,405,26
Industrial,405,26
Chhendipada,405,26
Handapa,405,26
Kishorenagar,405,26
Athmallik,405,26
Kiakata,405,26
Thakurgarh,405,26
Purunakot,405,26
Bantala,405,26
Gania,428,26
Dasapalla,428,26
Banigochha,428,26
Nuagaon,428,26
Khandapada,428,26
Fategarh,428,26
Nayagarh,428,26
Itamati,428,26
Nayagarh Sadar,428,26
Odagaon,428,26
Sarankul,428,26
Ranapur,428,26
Bolagad,423,26
Begunia,423,26
Khordha,423,26
Khordha Sadar,423,26
Chandaka,423,26
Nandankanan,423,26
Saheednagar,423,26
Mancheswar,423,26
Balianta,423,26
Balipatna,423,26
Lingaraj,423,26
Airfield (Kapila Prasad),423,26
Uttara P.S,423,26
Khandagiri,423,26
Tamando,423,26
Jatani,423,26
Jankia,423,26
Nirakarpur,423,26
Tangi,423,26
Balugaon,423,26
Banapur,423,26
Bhubaneswar (M.Corp.),423,26
Delanga,430,26
Pipili,430,26
Nimapada,430,26
Kakatpur,430,26
Astaranga,430,26
Konark,430,26
Gop,430,26
Ramachandi,430,26
Satyabadi,430,26
Chandanpur,430,26
Sadar,430,26
Brahmagiri,430,26
Gadisagada,430,26
Krushna Prasad,430,26
Puri (M),430,26
Tarasingi,415,26
Buguda,415,26
Jagannath Prasad,415,26
Bhanjanagar,415,26
Gangapur,415,26
Surada,415,26
Badagada,415,26
Asika,415,26
Dharakote,415,26
Kabisuryanagar,415,26
Polasara,415,26
Kodala,415,26
Khalikote,415,26
Rambha,415,26
Chhatrapur,415,26
Ganjam,415,26
Chamakhandi,415,26
Arjyapalli Marine,415,26
Purusottampur,415,26
Hinjili,415,26
Patapur,415,26
Seragad,415,26
Brahmapur Sadar,415,26
Gopalpur,415,26
Golanthara,415,26
Digapahandi,415,26
Nuagaon,415,26
Jarada,415,26
Brahmapur (M.Corp.),415,26
Ramagiri,415,26
Adva,414,26
Mohana,414,26
R.Udaygiri,414,26
Serango,414,26
Kashinagara,414,26
Parlakhemundi,414,26
Gurandi,414,26
Rayagada,414,26
Garabandha,414,26
Gochhapada,420,26
Phulabani,420,26
Phulabani Town,420,26
Khajuripada,420,26
G.Udayagiri,420,26
Tikabali,420,26
Chakapada,420,26
Sarangagarh,420,26
Phiringia,420,26
Baliguda,420,26
Nuagaon,420,26
Tumudibandha,420,26
Belaghar,420,26
Kotagarh,420,26
Brahmanigaon,420,26
Daringbadi,420,26
Raikia,420,26
Kantamal,410,26
Manamunda,410,26
Baunsuni,410,26
Baudh Sadar,410,26
Puruna Katak,410,26
Harbhanga,410,26
Dunguripali,433,26
Rampur,433,26
Binika,433,26
Ulunda,433,26
Biramaharajpur,433,26
Subalaya,433,26
Sonapur,433,26
Tarbha,433,26
Loisinga,406,26
Balangir,406,26
Tushura,406,26
Patnagarh,406,26
Khaprakhol,406,26
Turekela,406,26
Belpara,406,26
Saintala,406,26
Kantabanji,406,26
Bangomunda,406,26
Sindhekela,406,26
Titlagarh,406,26
Jonk,429,26
Nuapada,429,26
Komna,429,26
Khariar,429,26
Boden,429,26
Sinapali,429,26
Kesinga,419,26
Madanpur Rampur,419,26
Narala,419,26
Lanjigarh,419,26
Biswanathpur,419,26
Sadar,419,26
Kegaon,419,26
Junagarh,419,26
Golamunda,419,26
Dharamgarh,419,26
Kokasara,419,26
Jayapatna,419,26
Thuamul Rampur,419,26
Ambadala,431,26
Muniguda,431,26
Chandrapur,431,26
Bishamakatak,431,26
Kalyanasingpur,431,26
Kashipur,431,26
Andirakanch,431,26
Tikiri,431,26
Doraguda,431,26
Rayagada,431,26
Seskhal,431,26
Gunupur,431,26
Gudari,431,26
Padmapur,431,26
Puttasing,431,26
Raighar,427,26
Kundei,427,26
Umarkote,427,26
Chandahandi,427,26
Jharigan,427,26
Dabugan,427,26
Paparahandi,427,26
Kodinga,427,26
Kosagumuda,427,26
Nabarangapur P.S,427,26
Tentulikhunti,427,26
Khatiguda,427,26
Kotpad,424,26
Boriguma,424,26
Bhairabsingipur,424,26
Dasamantapur,424,26
Lakshmipur,424,26
Narayanpatana,424,26
Bandhugaon,424,26
Kakiriguma,424,26
Koraput,424,26
Koraput Town,424,26
Jeypore,424,26
Kundura,424,26
Boipariguda,424,26
Machh Kund,424,26
Padua,424,26
Nandapur,424,26
Similiguda,424,26
Sunabeda,424,26
Damonjodi,424,26
Pottangi,424,26
Kotiya,424,26
Malkangiri,425,26
Mathili,425,26
Mudulipada,425,26
Chitrakonda,425,26
Paparmetla,425,26
Jodamba,425,26
Orkel,425,26
Kalimela,425,26
Podia,425,26
M.V. 79,425,26
Motu,425,26
Bharatpur,445,7
Baikunthpur,445,7
Sonhat,445,7
Manendragarh,445,7
Khadganva,445,7
Ramanujganj,451,7
Balrampur,451,7
Wadrafnagar,451,7
Pratappur,451,7
Samri(Kusmi),451,7
Shankargarh,451,7
Surajpur,451,7
Oudgi,451,7
Bhaiyathan,451,7
Ramanujnagar,451,7
Premnagar,451,7
Ambikapur,451,7
Lakhanpur,451,7
Udaypur,451,7
Rajpur,451,7
Lundra,451,7
Sitapur,451,7
Batouli,451,7
Mainpat,451,7
Bagicha,442,7
Kansabel,442,7
Jashpur,442,7
Manora,442,7
Kunkuri,442,7
Duldula,442,7
Farsabahar,442,7
Pathalgaon,442,7
Udaipur (Dharamjaigarh),448,7
Lailunga,448,7
Gharghoda,448,7
Tamnar,448,7
Raigarh,448,7
Pusour,448,7
Kharsia,448,7
Sarangarh,448,7
Baramkela,448,7
Katghora,444,7
Poundi-Uproda,444,7
Pali,444,7
Korba,444,7
Kartala,444,7
Janjgir,441,7
Akaltara,441,7
Baloda,441,7
Nawagarh,441,7
Champa,441,7
Sakti,441,7
Pamgarh,441,7
Dabhra,441,7
Malkharoda,441,7
Jaijaipur,441,7
Pendra Road Gorella,437,7
Marwahi,437,7
Pendra,437,7
Lormi,437,7
Kota,437,7
Mungeli,437,7
Pathariya,437,7
Takhatpur,437,7
Bilaspur,437,7
Masturi,437,7
Bilha,437,7
Kawardha,443,7
Bodla,443,7
Sahaspur Lohara,443,7
Pandariya,443,7
Chhuikhadan,450,7
Khairagarh,450,7
Dongargarh,450,7
Rajnandgaon,450,7
Chhuriya,450,7
Dongargaon,450,7
Mohla,450,7
Manpur,450,7
Ambagarh,450,7
Nawagarh,440,7
Bemetara,440,7
Saja,440,7
Thanakhamria,440,7
Berla,440,7
Dhamdha,440,7
Durg,440,7
Patan,440,7
Gunderdehi,440,7
Dondi Luhara,440,7
Balod,440,7
Dondi,440,7
Gurur,440,7
Simga,449,7
Bhatapara,449,7
Baloda Bazar,449,7
Palari,449,7
Kasdol,449,7
Bilaigarh,449,7
Arang,449,7
Abhanpur,449,7
Raipur,449,7
Rajim,449,7
Tilda,449,7
Bindranavagarh(Gariyaband),449,7
Chhura,449,7
Mainpur,449,7
Deobhog,449,7
Basna,446,7
Saraipali,446,7
Mahasamund,446,7
Pithora,446,7
Bagbahra,446,7
Kurud,439,7
Magarlod,439,7
Dhamtari,439,7
Nagri,439,7
Charama,452,7
Bhanupratappur,452,7
Durgkondal,452,7
Kanker,452,7
Narharpur,452,7
Antagarh,452,7
Pakhanjur,452,7
Keskal,435,7
Bade Rajpur,435,7
Kondagaon,435,7
Makdi,435,7
Farasgaon,435,7
Jagdalpur,435,7
Lohandiguda,435,7
Bastanar,435,7
Bastar,435,7
Bakavand,435,7
Tokapal,435,7
Darbha,435,7
Narayanpur,447,7
Orchha,447,7
Dantewada,438,7
Gidam,438,7
Katekalyan,438,7
Kuakonda,438,7
Konta,438,7
Chhindgarh,438,7
Sukma,438,7
Bhopalpattnam,436,7
Usur,436,7
Bijapur,436,7
Bhairamgarh,436,7
Vijaypur,495,20
Beerpur,495,20
Sheopur,495,20
Badoda,495,20
Karahal,495,20
Ambah,481,20
Porsa,481,20
Morena,481,20
Joura,481,20
Kailaras,481,20
Sabalgarh,481,20
Ater,459,20
Bhind,459,20
Mehgaon,459,20
Gormi,459,20
Gohad,459,20
Ron,459,20
Mihona,459,20
Lahar,459,20
Gwalior (Gird),470,20
Dabra (Pichhore),470,20
Bhitarwar,470,20
Chinour,470,20
Seondha,465,20
Indergarh,465,20
Datia,465,20
Bhander,465,20
Pohri,496,20
Shivpuri,496,20
Narwar,496,20
Karera,496,20
Kolaras,496,20
Badarwas,496,20
Pichhore,496,20
Khaniyadhana,496,20
Niwari,499,20
Orchha,499,20
Prithvipur,499,20
Jatara,499,20
Mohangarh,499,20
Palera,499,20
Baldeogarh,499,20
Khargapur,499,20
Tikamgarh,499,20
Gaurihar,462,20
Laundi,462,20
Chandla,462,20
Nowgong,462,20
Maharajpur,462,20
Chhatarpur,462,20
Rajnagar,462,20
Bada Malhera,462,20
Ghuwara,462,20
Bijawar,462,20
Buxwaha,462,20
Ajaigarh,484,20
Panna,484,20
Devendranagar,484,20
Gunnor,484,20
Amanganj,484,20
Pawai,484,20
Shahnagar,484,20
Raipura,484,20
Bina,489,20
Khurai,489,20
Malthon,489,20
Banda,489,20
Shahgarh,489,20
Rahatgarh,489,20
Sagar,489,20
Garhakota,489,20
Rehli,489,20
Kesli,489,20
Deori,489,20
Hatta,464,20
Patera,464,20
Batiyagarh,464,20
Patharia,464,20
Damoh,464,20
Jabera,464,20
Tendukheda,464,20
Raghurajnagar,490,20
Majhgawan,490,20
Birsinghpur,490,20
Nagod,490,20
Unchahara,490,20
Rampur Baghelan,490,20
Kotar,490,20
Amarpatan,490,20
Ramnagar,490,20
Maihar,490,20
Teonthar,488,20
Jawa,488,20
Sirmour,488,20
Mangawan,488,20
Semaria,488,20
Hanumana,488,20
Mauganj,488,20
Naigarhi,488,20
Huzur,488,20
Raipur - Karchuliyan,488,20
Gurh,488,20
Bandhogarh,501,20
Chandia,501,20
Manpur,501,20
Pali,501,20
Nowrozabad,501,20
Jawad,483,20
Singoli,483,20
Neemuch,483,20
Jiran,483,20
Manasa,483,20
Bhanpura,480,20
Malhargarh,480,20
Garoth,480,20
Shamgarh,480,20
Mandsaur,480,20
Daloda,480,20
Sitamau,480,20
Suwasara,480,20
Piploda,487,20
Jaora,487,20
Alot,487,20
Tal,487,20
Sailana,487,20
Bajna,487,20
Rawti,487,20
Ratlam,487,20
Khacharod,500,20
Nagda,500,20
Mahidpur,500,20
Ghatiya,500,20
Tarana,500,20
Ujjain,500,20
Badnagar,500,20
Susner,494,20
Nalkheda,494,20
Badod,494,20
Agar,494,20
Shajapur,494,20
Gulana,494,20
Moman Badodiya,494,20
Shujalpur,494,20
Kalapipal,494,20
Tonk Khurd,466,20
Sonkatch,466,20
Dewas,466,20
Kannod,466,20
Satwas,466,20
Bagli,466,20
Hatpiplya,466,20
Khategaon,466,20
Badnawar,467,20
Sardarpur,467,20
Dhar,467,20
Gandhwani,467,20
Kukshi,467,20
Dahi,467,20
Manawar,467,20
Dharampuri,467,20
Depalpur,473,20
Hatod,473,20
Sawer,473,20
Indore,473,20
Mhow,473,20
Barwaha,478,20
Maheshwar,478,20
Kasrawad,478,20
Segaon,478,20
Bhikangaon,478,20
Khargone,478,20
Gogaon,478,20
Bhagwanpura,478,20
Jhiranya,478,20
Barwani,457,20
Pati,457,20
Thikri,457,20
Anjad,457,20
Rajpur,457,20
Pansemal,457,20
Niwali,457,20
Sendhwa,457,20
Varla,457,20
Jirapur,486,20
Khilchipur,486,20
Rajgarh,486,20
Biaora,486,20
Sarangpur,486,20
Narsinghgarh,486,20
Pachore,486,20
Lateri,502,20
Sironj,502,20
Kurwai,502,20
Basoda,502,20
Tyonda,502,20
Nateran,502,20
Shamshabad,502,20
Gyaraspur,502,20
Gulabganj,502,20
Vidisha,502,20
Berasia,460,20
Huzur,460,20
Sehore,491,20
Shyampur,491,20
Ashta,491,20
Jawar,491,20
Ichhawar,491,20
Nasrullaganj,491,20
Budni,491,20
Rehti,491,20
Raisen,485,20
Gairatganj,485,20
Begamganj,485,20
Goharganj,485,20
Baraily,485,20
Badi,485,20
Silwani,485,20
Udaipura,485,20
Bhainsdehi,458,20
Athner,458,20
Betul,458,20
Chicholi,458,20
Ghoda Dongri,458,20
Shahpur,458,20
Multai,458,20
Amla,458,20
Khirkiya,471,20
Sirali,471,20
Harda,471,20
Handiya,471,20
Timarni,471,20
Rehatgaon,471,20
Seoni-Malwa,472,20
Itarsi,472,20
Hoshangabad,472,20
Dolariya,472,20
Babai,472,20
Sohagpur,472,20
Pipariya,472,20
Bankhedi,472,20
Murwara,476,20
Rithi,476,20
Barhi,476,20
Badwara,476,20
Vijayraghavgarh,476,20
Bahoriband,476,20
Dhimarkheda,476,20
Sihora,474,20
Majholi,474,20
Patan,474,20
Shahpura,474,20
Jabalpur,474,20
Panagar,474,20
Kundam,474,20
Gotegaon,482,20
Gadarwara,482,20
Narsimhapur,482,20
Kareli,482,20
Tendukheda,482,20
Shahpura,468,20
Dindori,468,20
Niwas,479,20
Narayanganj,479,20
Mandla,479,20
Ghughari,479,20
Bichhiya,479,20
Nainpur,479,20
Tamia,463,20
Amarwara,463,20
Harrai,463,20
Chaurai,463,20
Jamai,463,20
Parasia,463,20
Umreth,463,20
Chhindwara,463,20
Mohkhed,463,20
Sausar,463,20
Bichhua,463,20
Pandhurna,463,20
Lakhnadon,492,20
Chhapara,492,20
Ghansaur,492,20
Dhanora,492,20
Keolari,492,20
Seoni,492,20
Barghat,492,20
Kurai,492,20
Katangi,456,20
Tirodi,456,20
Waraseoni,456,20
Khairlanji,456,20
Lalbarra,456,20
Balaghat,456,20
Kirnapur,456,20
Baihar,456,20
Paraswada,456,20
Lanji,456,20
Guna,469,20
Bamori,469,20
Raghogarh,469,20
Maksoodangarh,469,20
Kumbhraj,469,20
Aron,469,20
Chachaura,469,20
Isagarh,455,20
Chanderi,455,20
Ashoknagar,455,20
Shadhora,455,20
Mungaoli,455,20
Beohari,493,20
Jaisinghnagar,493,20
Sohagpur,493,20
Jaitpur,493,20
Kotma,454,20
Anuppur,454,20
Jaithari,454,20
Pushparajgarh,454,20
Rampur Naikin,497,20
Churhat,497,20
Gopadbanas,497,20
Sihawal,497,20
Majhauli,497,20
Kusmi,497,20
Chitrangi,498,20
Deosar,498,20
Singrauli,498,20
Thandla,475,20
Petlawad,475,20
Meghnagar,475,20
Jhabua,475,20
Ranapur,475,20
Bhavra,453,20
Jobat,453,20
Alirajpur,453,20
Harsud,477,20
Khalwa,477,20
Khandwa,477,20
Punasa,477,20
Pandhana,477,20
Burhanpur,461,20
Khaknar,461,20
Nepanagar,461,20
Lakhpat,513,12
Rapar,513,12
Bhachau,513,12
Anjar,513,12
Bhuj,513,12
Nakhatrana,513,12
Abdasa,513,12
Mandvi,513,12
Mundra,513,12
Gandhidham,513,12
Vav,506,12
Tharad,506,12
Dhanera,506,12
Dantiwada,506,12
Amirgadh,506,12
Danta,506,12
Vadgam,506,12
Palanpur,506,12
Deesa,506,12
Deodar,506,12
Bhabhar,506,12
Kankrej,506,12
Santalpur,519,12
Radhanpur,519,12
Sidhpur,519,12
Patan,519,12
Harij,519,12
Sami,519,12
Chanasma,519,12
Satlasana,515,12
Kheralu,515,12
Unjha,515,12
Visnagar,515,12
Vadnagar,515,12
Vijapur,515,12
Mahesana,515,12
Becharaji,515,12
Kadi,515,12
Khedbrahma,522,12
Vijaynagar,522,12
Vadali,522,12
Idar,522,12
Bhiloda,522,12
Meghraj,522,12
Himatnagar,522,12
Prantij,522,12
Talod,522,12
Modasa,522,12
Dhansura,522,12
Malpur,522,12
Bayad,522,12
Kalol,510,12
Mansa,510,12
Gandhinagar,510,12
Dehgam,510,12
Mandal,503,12
Detroj-Rampura,503,12
Viramgam,503,12
Sanand,503,12
Ahmadabad City,503,12
Daskroi,503,12
Dholka,503,12
Bavla,503,12
Ranpur,503,12
Barwala,503,12
Dhandhuka,503,12
Halvad,524,12
Dhrangadhra,524,12
Dasada,524,12
Lakhtar,524,12
Wadhwan,524,12
Muli,524,12
Chotila,524,12
Sayla,524,12
Chuda,524,12
Limbdi,524,12
Maliya,521,12
Morvi,521,12
Tankara,521,12
Wankaner,521,12
Paddhari,521,12
Rajkot,521,12
Lodhika,521,12
Kotda Sangani,521,12
Jasdan,521,12
Gondal,521,12
Jamkandorna,521,12
Upleta,521,12
Dhoraji,521,12
Jetpur,521,12
Okhamandal,511,12
Khambhalia,511,12
Jamnagar,511,12
Jodiya,511,12
Dhrol,511,12
Kalavad,511,12
Lalpur,511,12
Kalyanpur,511,12
Bhanvad,511,12
Jamjodhpur,511,12
Porbandar,520,12
Ranavav,520,12
Kutiyana,520,12
Manavadar,512,12
Vanthali,512,12
Junagadh,512,12
Bhesan,512,12
Visavadar,512,12
Mendarda,512,12
Keshod,512,12
Mangrol,512,12
Malia,512,12
Talala,512,12
Patan-Veraval,512,12
Sutrapada,512,12
Kodinar,512,12
Una,512,12
Kunkavav Vadia,504,12
Babra,504,12
Lathi,504,12
Lilia,504,12
Amreli,504,12
Bagasara,504,12
Dhari,504,12
Savar Kundla,504,12
Khambha,504,12
Jafrabad,504,12
Rajula,504,12
Botad,508,12
Vallabhipur,508,12
Gadhada,508,12
Umrala,508,12
Bhavnagar,508,12
Ghogha,508,12
Sihor,508,12
Gariadhar,508,12
Palitana,508,12
Talaja,508,12
Mahuva,508,12
Tarapur,505,12
Sojitra,505,12
Umreth,505,12
Anand,505,12
Petlad,505,12
Khambhat,505,12
Borsad,505,12
Anklav,505,12
Kapadvanj,514,12
Virpur,514,12
Balasinor,514,12
Kathlal,514,12
Mehmedabad,514,12
Kheda,514,12
Matar,514,12
Nadiad,514,12
Mahudha,514,12
Thasra,514,12
Khanpur,518,12
Kadana,518,12
Santrampur,518,12
Lunawada,518,12
Shehera,518,12
Morwa (Hadaf),518,12
Godhra,518,12
Kalol,518,12
Ghoghamba,518,12
Halol,518,12
Jambughoda,518,12
Fatepura,509,12
Jhalod,509,12
Limkheda,509,12
Dohad,509,12
Garbada,509,12
Devgadbaria,509,12
Dhanpur,509,12
Savli,527,12
Vadodara,527,12
Vaghodia,527,12
Jetpur Pavi,527,12
Chhota Udaipur,527,12
Kavant,527,12
Nasvadi,527,12
Sankheda,527,12
Dabhoi,527,12
Padra,527,12
Karjan,527,12
Sinor,527,12
Tilakwada,516,12
Nandod,516,12
Dediapada,516,12
Sagbara,516,12
Jambusar,507,12
Amod,507,12
Vagra,507,12
Bharuch,507,12
Jhagadia,507,12
Anklesvar,507,12
Hansot,507,12
Valia,507,12
The Dangs,526,12
Navsari,517,12
Jalalpore,517,12
Gandevi,517,12
Chikhli,517,12
Bansda,517,12
Valsad,528,12
Dharampur,528,12
Pardi,528,12
Kaprada,528,12
Umbergaon,528,12
Olpad,523,12
Mangrol,523,12
Umarpada,523,12
Mandvi,523,12
Kamrej,523,12
Surat City,523,12
Chorasi,523,12
Palsana,523,12
Bardoli,523,12
Mahuva,523,12
Nizar,525,12
Uchchhal,525,12
Songadh,525,12
Vyara,525,12
Valod,525,12
Diu,530,9
Daman,529,9
Dadra & Nagar Haveli,531,8
Akkalkuwa,552,21
Akrani,552,21
Talode,552,21
Shahade,552,21
Nandurbar,552,21
Nawapur,552,21
Shirpur,540,21
Sindkhede,540,21
Sakri,540,21
Dhule,540,21
Chopda,544,21
Yawal,544,21
Raver,544,21
Muktainagar,544,21
Bodvad,544,21
Bhusawal,544,21
Jalgaon,544,21
Erandol,544,21
Dharangaon,544,21
Amalner,544,21
Parola,544,21
Bhadgaon,544,21
Chalisgaon,544,21
Pachora,544,21
Jamner,544,21
Jalgaon (Jamod),538,21
Sangrampur,538,21
Shegaon,538,21
Nandura,538,21
Malkapur,538,21
Motala,538,21
Khamgaon,538,21
Mehkar,538,21
Chikhli,538,21
Buldana,538,21
Deolgaon Raja,538,21
Sindkhed Raja,538,21
Lonar,538,21
Telhara,533,21
Akot,533,21
Balapur,533,21
Akola,533,21
Murtijapur,533,21
Patur,533,21
Barshitakli,533,21
Malegaon,565,21
Mangrulpir,565,21
Karanja,565,21
Manora,565,21
Washim,565,21
Risod,565,21
Dharni,534,21
Chikhaldara,534,21
Anjangaon Surji,534,21
Achalpur,534,21
Chandurbazar,534,21
Morshi,534,21
Warud,534,21
Teosa,534,21
Amravati,534,21
Bhatkuli,534,21
Daryapur,534,21
Nandgaon-Khandeshwar,534,21
Chandur Railway,534,21
Dhamangaon Railway,534,21
Ashti,564,21
Karanja,564,21
Arvi,564,21
Seloo,564,21
Wardha,564,21
Deoli,564,21
Hinganghat,564,21
Samudrapur,564,21
Narkhed,550,21
Katol,550,21
Kalameshwar,550,21
Savner,550,21
Parseoni,550,21
Ramtek,550,21
Mauda,550,21
Kamptee,550,21
Nagpur (Rural),550,21
Nagpur (Urban),550,21
Hingna,550,21
Umred,550,21
Kuhi,550,21
Bhiwapur,550,21
Tumsar,537,21
Mohadi,537,21
Bhandara,537,21
Sakoli,537,21
Lakhani,537,21
Pauni,537,21
Lakhandur,537,21
Tirora,542,21
Goregaon,542,21
Gondiya,542,21
Amgaon,542,21
Salekasa,542,21
Sadak-Arjuni,542,21
Arjuni Morgaon,542,21
Deori,542,21
Desaiganj (Vadasa),541,21
Armori,541,21
Kurkheda,541,21
Korchi,541,21
Dhanora,541,21
Gadchiroli,541,21
Chamorshi,541,21
Mulchera,541,21
Etapalli,541,21
Bhamragad,541,21
Aheri,541,21
Sironcha,541,21
Warora,539,21
Chimur,539,21
Nagbhir,539,21
Brahmapuri,539,21
Sawali,539,21
Sindewahi,539,21
Bhadravati,539,21
Chandrapur,539,21
Mul,539,21
Pombhurna,539,21
Ballarpur,539,21
Korpana,539,21
Jiwati,539,21
Rajura,539,21
Gondpipri,539,21
Ner,566,21
Babulgaon,566,21
Kalamb,566,21
Yavatmal,566,21
Darwha,566,21
Digras,566,21
Pusad,566,21
Umarkhed,566,21
Mahagaon,566,21
Arni,566,21
Ghatanji,566,21
Kelapur,566,21
Ralegaon,566,21
Maregaon,566,21
Zari-Jamani,566,21
Wani,566,21
Mahoor,551,21
Kinwat,551,21
Himayatnagar,551,21
Hadgaon,551,21
Ardhapur,551,21
Nanded,551,21
Mudkhed,551,21
Bhokar,551,21
Umri,551,21
Dharmabad,551,21
Biloli,551,21
Naigaon (Khairgaon),551,21
Loha,551,21
Kandhar,551,21
Mukhed,551,21
Deglur,551,21
Sengaon,543,21
Hingoli,543,21
Aundha (Nagnath),543,21
Kalamnuri,543,21
Basmath,543,21
Sailu,555,21
Jintur,555,21
Parbhani,555,21
Manwath,555,21
Pathri,555,21
Sonpeth,555,21
Gangakhed,555,21
Palam,555,21
Purna,555,21
Bhokardan,545,21
Jafferabad,545,21
Jalna,545,21
Badnapur,545,21
Ambad,545,21
Ghansawangi,545,21
Partur,545,21
Mantha,545,21
Kannad,535,21
Soegaon,535,21
Sillod,535,21
Phulambri,535,21
Aurangabad,535,21
Khuldabad,535,21
Vaijapur,535,21
Gangapur,535,21
Paithan,535,21
Surgana,553,21
Kalwan,553,21
Deola,553,21
Baglan,553,21
Malegaon,553,21
Nandgaon,553,21
Chandvad,553,21
Dindori,553,21
Peint,553,21
Trimbakeshwar,553,21
Nashik,553,21
Igatpuri,553,21
Sinnar,553,21
Niphad,553,21
Yevla,553,21
Talasari,563,21
Dahanu,563,21
Vikramgad,563,21
Jawhar,563,21
Mokhada,563,21
Vada,563,21
Palghar,563,21
Vasai,563,21
Thane,563,21
Bhiwandi,563,21
Shahapur,563,21
Kalyan,563,21
Ulhasnagar,563,21
Ambarnath,563,21
Murbad,563,21
Uran,557,21
Panvel,557,21
Karjat,557,21
Khalapur,557,21
Pen,557,21
Alibag,557,21
Murud,557,21
Roha,557,21
Sudhagad,557,21
Mangaon,557,21
Tala,557,21
Shrivardhan,557,21
Mhasla,557,21
Mahad,557,21
Poladpur,557,21
Junnar,556,21
Ambegaon,556,21
Shirur,556,21
Khed,556,21
Mawal,556,21
Mulshi,556,21
Haveli,556,21
Pune City,556,21
Daund,556,21
Purandhar,556,21
Velhe,556,21
Bhor,556,21
Baramati,556,21
Indapur,556,21
Akola,532,21
Sangamner,532,21
Kopargaon,532,21
Rahta,532,21
Shrirampur,532,21
Nevasa,532,21
Shevgaon,532,21
Pathardi,532,21
Nagar,532,21
Rahuri,532,21
Parner,532,21
Shrigonda,532,21
Karjat,532,21
Jamkhed,532,21
Ashti,536,21
Patoda,536,21
Shirur (Kasar),536,21
Georai,536,21
Manjlegaon,536,21
Wadwani,536,21
Bid,536,21
Kaij,536,21
Dharur,536,21
Parli,536,21
Ambejogai,536,21
Latur,547,21
Renapur,547,21
Ahmadpur,547,21
Jalkot,547,21
Chakur,547,21
Shirur-Anantpal,547,21
Ausa,547,21
Nilanga,547,21
Deoni,547,21
Udgir,547,21
Paranda,554,21
Bhum,554,21
Washi,554,21
Kalamb,554,21
Osmanabad,554,21
Tuljapur,554,21
Lohara,554,21
Umarga,554,21
Karmala,562,21
Madha,562,21
Barshi,562,21
Solapur North,562,21
Mohol,562,21
Pandharpur,562,21
Malshiras,562,21
Sangole,562,21
Mangalvedhe,562,21
Solapur South,562,21
Akkalkot,562,21
Mahabaleshwar,560,21
Wai,560,21
Khandala,560,21
Phaltan,560,21
Man,560,21
Khatav,560,21
Koregaon,560,21
Satara,560,21
Jaoli,560,21
Patan,560,21
Karad,560,21
Mandangad,558,21
Dapoli,558,21
Khed,558,21
Chiplun,558,21
Guhagar,558,21
Ratnagiri,558,21
Sangameshwar,558,21
Lanja,558,21
Rajapur,558,21
Devgad,561,21
Vaibhavvadi,561,21
Kankavli,561,21
Malwan,561,21
Vengurla,561,21
Kudal,561,21
Sawantwadi,561,21
Dodamarg,561,21
Shahuwadi,546,21
Panhala,546,21
Hatkanangle,546,21
Shirol,546,21
Karvir,546,21
Bavda,546,21
Radhanagari,546,21
Kagal,546,21
Bhudargad,546,21
Ajra,546,21
Gadhinglaj,546,21
Chandgad,546,21
Shirala,559,21
Walwa,559,21
Palus,559,21
Kadegaon,559,21
Khanapur (Vita),559,21
Atpadi,559,21
Tasgaon,559,21
Miraj,559,21
Kavathemahankal,559,21
Jat,559,21
Tamsi,567,2
Adilabad,567,2
Jainad,567,2
Bela,567,2
Talamadugu,567,2
Gudihathnoor,567,2
Inderavelly,567,2
Narnoor,567,2
Kerameri,567,2
Wankdi,567,2
Sirpur (T),567,2
Kouthala,567,2
Bejjur,567,2
Kagaznagar,567,2
Asifabad,567,2
Jainoor,567,2
Utnoor,567,2
Ichoda,567,2
Bazarhathnoor,567,2
Boath,567,2
Neradigonda,567,2
Sirpur,567,2
Rebbana,567,2
Bhimini,567,2
Dahegaon,567,2
Vemanpalle,567,2
Nennal,567,2
Tandur,567,2
Tiryani,567,2
Jannaram,567,2
Kaddam (Peddur),567,2
Sarangapur,567,2
Kuntala,567,2
Kubeer,567,2
Bhainsa,567,2
Tanoor,567,2
Mudhole,567,2
Lokeswaram,567,2
Dilawarpur,567,2
Nirmal,567,2
Laxmanchanda,567,2
Mamda,567,2
Khanapur,567,2
Dandepalle,567,2
Kasipet,567,2
Bellampalle,567,2
Kotapalle,567,2
Mandamarri,567,2
Luxettipet,567,2
Mancherial,567,2
Jaipur,567,2
Chennur,567,2
Ranjal,582,2
Navipet,582,2
Nandipet,582,2
Armur,582,2
Balkonda,582,2
Mortad,582,2
Kammarpalle,582,2
Bheemgal,582,2
Velpur,582,2
Jakranpalle,582,2
Makloor,582,2
Nizamabad,582,2
Yedpalle,582,2
Bodhan,582,2
Kotgiri,582,2
Madnoor,582,2
Jukkal,582,2
Bichkunda,582,2
Birkoor,582,2
Varni,582,2
Dichpalle,582,2
Dharpalle,582,2
Sirkonda,582,2
Machareddy,582,2
Sadasivanagar,582,2
Gandhari,582,2
Banswada,582,2
Pitlam,582,2
Nizamsagar,582,2
Yellareddy,582,2
Nagareddipet,582,2
Lingampet,582,2
Tadwai,582,2
Kamareddy,582,2
Bhiknoor,582,2
Domakonda,582,2
Ibrahimpatnam,574,2
Mallapur,574,2
Raikal,574,2
Sarangapur,574,2
Dharmapuri,574,2
Velgatoor,574,2
Ramagundam,574,2
Kamanpur,574,2
Manthani,574,2
Kataram,574,2
Mahadevpur,574,2
Mutharam (Mahadevpur),574,2
Malharrao,574,2
Mutharam (Manthani),574,2
Srirampur,574,2
Peddapalle,574,2
Julapalle,574,2
Elgaid,574,2
Dharmaram,574,2
Gollapalle,574,2
Mallial,574,2
Jagtial,574,2
Medipalle,574,2
Koratla,574,2
Metpalle,574,2
Kathlapur,574,2
Chandurthi,574,2
Kodimial,574,2
Pegadapalle,574,2
Gangadhara,574,2
Ramadugu,574,2
Choppadandi,574,2
Sultanabad,574,2
Odela,574,2
Manakondur,574,2
Karimnagar,574,2
Boinpalle,574,2
Vemulawada,574,2
Konaraopeta,574,2
Yellareddipet,574,2
Gambhiraopet,574,2
Mustabad,574,2
Sircilla,574,2
Ellanthakunta,574,2
Bejjanki,574,2
Timmapur (Lmd Colony),574,2
Veenavanka,574,2
Jammikunta,574,2
Shankarapatnam,574,2
Chigurumamidi,574,2
Koheda,574,2
Husnabad,574,2
Saidapur,574,2
Huzurabad,574,2
Kamalapur,574,2
Bheemadevarpalle,574,2
Elkathurthi,574,2
Kangti,579,2
Manoor,579,2
Narayankhed,579,2
Kalher,579,2
Shankarampet (A),579,2
Papannapet,579,2
Medak,579,2
Ramayampet,579,2
Dubbak,579,2
Siddipet,579,2
Chinnakodur,579,2
Nangnoor,579,2
Kondapak,579,2
Thoguta,579,2
Mirdoddi,579,2
Doultabad,579,2
Chegunta,579,2
Shankarampet (R),579,2
Kulcharam,579,2
Tekmal,579,2
Alladurg,579,2
Regode,579,2
Raikode,579,2
Nyalkal,579,2
Zahirabad,579,2
Kohir,579,2
Jharasangam,579,2
Munpalle,579,2
Pulkal,579,2
Andole,579,2
Kowdipalle,579,2
Yeldurthy,579,2
Tupran,579,2
Gajwel,579,2
Jagdevpur,579,2
Wargal,579,2
Mulug,579,2
Shivampet,579,2
Narsapur,579,2
Hathnoora,579,2
Sadasivpet,579,2
Kondapur,579,2
Sangareddy,579,2
Jinnaram,579,2
Patancheru,579,2
Ramachandrapuram,579,2
Shaikpet,572,2
Ameerpet,572,2
Secunderabad,572,2
Tirumalagiri,572,2
Maredpalle,572,2
Musheerabad,572,2
Amberpet,572,2
Himayathnagar,572,2
Nampally,572,2
Khairatabad,572,2
Asifnagar,572,2
Golconda,572,2
Bahadurpura,572,2
Bandlaguda,572,2
Charminar,572,2
Saidabad,572,2
Marpalle,584,2
Mominpet,584,2
Nawabpet,584,2
Shankarpalle,584,2
Serilingampally,584,2
Balanagar,584,2
Qutubullapur,584,2
Medchal,584,2
Shamirpet,584,2
Malkajgiri,584,2
Keesara,584,2
Ghatkesar,584,2
Uppal,584,2
Hayathnagar,584,2
Saroornagar,584,2
Rajendranagar,584,2
Moinabad,584,2
Chevella,584,2
Vicarabad,584,2
Dharur,584,2
Bantwaram,584,2
Peddemul,584,2
Tandur,584,2
Basheerabad,584,2
Yelal,584,2
Doma,584,2
Gandeed,584,2
Kulkacharla,584,2
Pargi,584,2
Pudur,584,2
Shabad,584,2
Shamshabad,584,2
Maheswaram,584,2
Kandukur,584,2
Ibrahimpatnam,584,2
Manchal,584,2
Yacharam,584,2
Kodangal,578,2
Bomraspet,578,2
Kosgi,578,2
Doulathabad,578,2
Damaragidda,578,2
Maddur,578,2
Hanwada,578,2
Nawabpet,578,2
Balanagar,578,2
Kondurg,578,2
Farooqnagar,578,2
Kothur,578,2
Keshampet,578,2
Talakondapalle,578,2
Amangal,578,2
Madgul,578,2
Veldanda,578,2
Midjil,578,2
Jadcherla,578,2
Mahbubnagar,578,2
Koilkonda,578,2
Narayanpet,578,2
Utkoor,578,2
Dhanwada,578,2
Devarkadra,578,2
Bhoothpur,578,2
Thimmajipet,578,2
Kalwakurthy,578,2
Vangoor,578,2
Amrabad,578,2
Achampet,578,2
Uppununthala,578,2
Telkapalle,578,2
Tadoor,578,2
Nagarkurnool,578,2
Bijinapalle,578,2
Ghanpur,578,2
Addakal,578,2
Chinnachintakunta,578,2
Narva,578,2
Makthal,578,2
Maganoor,578,2
Dharur,578,2
Atmakur,578,2
Kothakota,578,2
Peddamandadi,578,2
Wanaparthy,578,2
Gopalpeta,578,2
Balmoor,578,2
Lingal,578,2
Peddakothapalle,578,2
Kodair,578,2
Pangal,578,2
Pebbair,578,2
Gadwal,578,2
Maldakal,578,2
Ghattu,578,2
Ieej,578,2
Itikyal,578,2
Veepangandla,578,2
Kollapur,578,2
Waddepalle,578,2
Manopad,578,2
Alampur,578,2
Bommalaramaram,580,2
M.Turkapalle,580,2
Rajapet,580,2
Yadagirigutta,580,2
Alair,580,2
Gundala,580,2
Thirumalgiri,580,2
Thungathurthi,580,2
Nuthankal,580,2
Atmakur (S),580,2
Jaji Reddi Gudem,580,2
Sali Gouraram,580,2
Mothkur,580,2
Atmakur (M),580,2
Valigonda,580,2
Bhongir,580,2
Bibinagar,580,2
Pochampalle,580,2
Choutuppal,580,2
Ramannapeta,580,2
Chityala,580,2
Narketpalle,580,2
Kattangoor,580,2
Nakrekal,580,2
Kethe Palle,580,2
Suryapet,580,2
Chivvemla,580,2
Mothey,580,2
Nadigudem,580,2
Munagala,580,2
Penpahad,580,2
Vemulapalle,580,2
Thipparthi,580,2
Nalgonda,580,2
Munugode,580,2
Narayanapur,580,2
Marriguda,580,2
Chintha Palle,580,2
Gundla Palle,580,2
Chandam Pet,580,2
Devarakonda,580,2
Nampalle,580,2
Chandur,580,2
Kangal,580,2
Gurrampode,580,2
Pedda Adiserla Palle,580,2
Peddavoora,580,2
Anumula,580,2
Nidamanur,580,2
Thripuraram,580,2
Dameracherla,580,2
Miryalaguda,580,2
Neredcherla,580,2
Garide Palle,580,2
Chilkur,580,2
Kodad,580,2
Huzurnagar,580,2
Mattam Palle,580,2
Mella Cheruvu,580,2
Cherial,588,2
Maddur,588,2
Bachannapet,588,2
Narmetta,588,2
Ghanpur (Station),588,2
Dharmasagar,588,2
Hasanparthy,588,2
Parkal,588,2
Mogullapalle,588,2
Chityal,588,2
Bhupalpalle,588,2
Ghanpur (Mulug),588,2
Venkatapur,588,2
Eturnagaram,588,2
Mangapet,588,2
Tadvai,588,2
Govindaraopet,588,2
Mulug,588,2
Regonda,588,2
Shayampet,588,2
Nallabelly,588,2
Duggondi,588,2
Atmakur,588,2
Hanamkonda,588,2
Zaffergadh,588,2
Palakurthi,588,2
Raghunathpalle,588,2
Jangaon,588,2
Lingalaghanpur,588,2
Devaruppula,588,2
Kodakandla,588,2
Raiparthy,588,2
Wardhannapet,588,2
Sangam,588,2
Warangal,588,2
Geesugonda,588,2
Narsampet,588,2
Khanapur,588,2
Kothagudem,588,2
Gudur,588,2
Chennaraopet,588,2
Nekkonda,588,2
Parvathagiri,588,2
Thorrur,588,2
Nellikudur,588,2
Kesamudram,588,2
Mahabubabad,588,2
Narsimhulapet,588,2
Maripeda,588,2
Kuravi,588,2
Dornakal,588,2
Wazeed,575,2
Venkatapuram,575,2
Pinapaka,575,2
Cherla,575,2
Manuguru,575,2
Aswapuram,575,2
Dummugudem,575,2
Bhadrachalam,575,2
Kunavaram,575,2
Chintur,575,2
Vararamachandrapuram,575,2
Velairpadu,575,2
Kukunoor,575,2
Burgampahad,575,2
Palwancha,575,2
Kothagudem,575,2
Tekulapalle,575,2
Yellandu,575,2
Gundala,575,2
Bayyaram,575,2
Garla,575,2
Singareni,575,2
Kamepalle,575,2
Julurpad,575,2
Chandrugonda,575,2
Mulkalapalle,575,2
Aswaraopeta,575,2
Dammapeta,575,2
Sathupalle,575,2
Penuballi,575,2
Enkuru,575,2
Thirumalayapalem,575,2
Kusumanchi,575,2
Khammam (Rural),575,2
Khammam (Urban),575,2
Mudigonda,575,2
Nelakondapalle,575,2
Chinthakani,575,2
Konijerla,575,2
Tallada,575,2
Kallur,575,2
Wyra,575,2
Bonakal,575,2
Madhira,575,2
Yerrupalem,575,2
Vemsoor,575,2
Veeraghattam,585,2
Seethampeta,585,2
Bhamini,585,2
Kothuru,585,2
Pathapatnam,585,2
Meliaputti,585,2
Palasa,585,2
Mandasa,585,2
Kanchili,585,2
Ichchapuram,585,2
Kaviti,585,2
Sompeta,585,2
Vajrapukothuru,585,2
Nandigam,585,2
Hiramandalam,585,2
Palakonda,585,2
Vangara,585,2
Regidi Amadalavalasa,585,2
Lakshminarsupeta,585,2
Saravakota,585,2
Tekkali,585,2
Santhabommali,585,2
Kotabommali,585,2
Jalumuru,585,2
Sarubujjili,585,2
Burja,585,2
Santhakaviti,585,2
Rajam,585,2
Ganguvarisigadam,585,2
Amadalavalasa,585,2
Narasannapeta,585,2
Polaki,585,2
Gara,585,2
Srikakulam,585,2
Ponduru,585,2
Laveru,585,2
Ranastalam,585,2
Etcherla,585,2
Komarada,587,2
Gummalakshmipuram,587,2
Kurupam,587,2
Jiyyammavalasa,587,2
Garugubilli,587,2
Parvathipuram,587,2
Makkuva,587,2
Seethanagaram,587,2
Balijipeta,587,2
Bobbili,587,2
Salur,587,2
Pachipenta,587,2
Ramabhadrapuram,587,2
Badangi,587,2
Therlam,587,2
Merakamudidam,587,2
Dattirajeru,587,2
Mentada,587,2
Gajapathinagaram,587,2
Garividi,587,2
Cheepurupalle,587,2
Gurla,587,2
Bondapalle,587,2
Gantyada,587,2
Srungavarapukota,587,2
Vepada,587,2
Lakkavarapukota,587,2
Kothavalasa,587,2
Jami,587,2
Vizianagaram,587,2
Nellimarla,587,2
Pusapatirega,587,2
Denkada,587,2
Bhogapuram,587,2
Munchingi Puttu,586,2
Peda Bayalu,586,2
Dumbriguda,586,2
Araku Valley,586,2
Ananthagiri,586,2
Hukumpeta,586,2
Paderu,586,2
G.Madugula,586,2
Chintapalle,586,2
Gudem Kotha Veedhi,586,2
Koyyuru,586,2
Nathavaram,586,2
Golugonda,586,2
Narsipatnam,586,2
Rolugunta,586,2
Ravikamatham,586,2
Madugula,586,2
Cheedikada,586,2
Devarapalle,586,2
K.Kotapadu,586,2
Sabbavaram,586,2
Pendurthi,586,2
Anandapuram,586,2
Padmanabham,586,2
Bheemunipatnam,586,2
Visakhapatnam (Rural),586,2
Visakhapatnam (Urban),586,2
Pedagantyada,586,2
Gajuwaka,586,2
Paravada,586,2
Anakapalle,586,2
Chodavaram,586,2
Butchayyapeta,586,2
Kotauratla,586,2
Makavarapalem,586,2
Kasimkota,586,2
Munagapaka,586,2
Atchutapuram,586,2
Yelamanchili,586,2
Nakkapalle,586,2
Payakaraopeta,586,2
S.Rayavaram,586,2
Rambilli,586,2
Maredumilli,570,2
Devipatnam,570,2
Y. Ramavaram,570,2
Addateegala,570,2
Rajavommangi,570,2
Kotananduru,570,2
Tuni,570,2
Rowthulapudi,570,2
Sankhavaram,570,2
Yeleswaram,570,2
Gangavaram,570,2
Rampachodavaram,570,2
Seethanagaram,570,2
Gokavaram,570,2
Jaggampeta,570,2
Kirlampudi,570,2
Prathipadu,570,2
Thondangi,570,2
Gollaprolu,570,2
Peddapuram,570,2
Gandepalle,570,2
Korukonda,570,2
Rajahmundry (Urban),570,2
Rajahmundry Rural,570,2
Rajanagaram,570,2
Rangampeta,570,2
Samalkota,570,2
Pithapuram,570,2
Kothapalle,570,2
Kakinada (Rural),570,2
Kakinada (Urban),570,2
Pedapudi,570,2
Biccavolu,570,2
Anaparthy,570,2
Kadiam,570,2
Atreyapuram,570,2
Mandapeta,570,2
Rayavaram,570,2
Karapa,570,2
Kajuluru,570,2
Ramachandrapuram,570,2
Alamuru,570,2
Ravulapalem,570,2
Kothapeta,570,2
Kapileswarapuram,570,2
Pamarru,570,2
Thallarevu,570,2
I. Polavaram,570,2
Mummidivaram,570,2
Ainavilli,570,2
P.Gannavaram,570,2
Ambajipeta,570,2
Mamidikuduru,570,2
Razole,570,2
Malikipuram,570,2
Sakhinetipalle,570,2
Allavaram,570,2
Amalapuram,570,2
Uppalaguptam,570,2
Katrenikona,570,2
Chintalapudi,589,2
Lingapalem,589,2
T.Narasapuram,589,2
Jeelugu Milli,589,2
Buttayagudem,589,2
Polavaram,589,2
Tallapudi,589,2
Gopalapuram,589,2
Koyyalagudem,589,2
Jangareddigudem,589,2
Kamavarapukota,589,2
Dwarakatirumala,589,2
Nallajerla,589,2
Devarapalle,589,2
Kovvur,589,2
Chagallu,589,2
Nidadavole,589,2
Tadepalligudem,589,2
Unguturu,589,2
Bhimadole,589,2
Pedavegi,589,2
Pedapadu,589,2
Eluru,589,2
Denduluru,589,2
Nidamarru,589,2
Pentapadu,589,2
Undrajavaram,589,2
Peravali,589,2
Tanuku,589,2
Attili,589,2
Ganapavaram,589,2
Akividu,589,2
Undi,589,2
Palacoderu,589,2
Penumantra,589,2
Iragavaram,589,2
Penugonda,589,2
Achanta,589,2
Poduru,589,2
Veeravasaram,589,2
Bhimavaram,589,2
Kalla,589,2
Mogalthur,589,2
Narasapuram,589,2
Palacole,589,2
Yelamanchili,589,2
Vatsavai,576,2
Jaggayyapeta,576,2
Penuganchiprolu,576,2
Nandigama,576,2
Veerullapadu,576,2
Mylavaram,576,2
Gampalagudem,576,2
Tiruvuru,576,2
A.Konduru,576,2
Reddigudem,576,2
Vissannapet,576,2
Chatrai,576,2
Musunuru,576,2
Nuzvid,576,2
Bapulapadu,576,2
Agiripalle,576,2
G.Konduru,576,2
Kanchikacherla,576,2
Chandarlapadu,576,2
Ibrahimpatnam,576,2
Vijayawada (Urban),576,2
Vijayawada (Rural),576,2
Gannavaram,576,2
Unguturu,576,2
Nandivada,576,2
Mandavalli,576,2
Kaikalur,576,2
Kalidindi,576,2
Kruthivennu,576,2
Bantumilli,576,2
Mudinepalle,576,2
Gudivada,576,2
Pedaparupudi,576,2
Kankipadu,576,2
Penamaluru,576,2
Thotlavalluru,576,2
Pamidimukkala,576,2
Vuyyuru,576,2
Pamarru,576,2
Gudlavalleru,576,2
Pedana,576,2
Guduru,576,2
Movva,576,2
Ghantasala,576,2
Machilipatnam,576,2
Challapalle,576,2
Mopidevi,576,2
Avanigadda,576,2
Nagayalanka,576,2
Koduru,576,2
Macherla,571,2
Veldurthi,571,2
Durgi,571,2
Rentachintala,571,2
Gurazala,571,2
Dachepalle,571,2
Karempudi,571,2
Piduguralla,571,2
Machavaram,571,2
Bellamkonda,571,2
Atchampet,571,2
Krosuru,571,2
Amaravathi,571,2
Thullur,571,2
Tadepalle,571,2
Mangalagiri,571,2
Tadikonda,571,2
Pedakurapadu,571,2
Sattenapalle,571,2
Rajupalem,571,2
Nekarikallu,571,2
Bollapalle,571,2
Vinukonda,571,2
Nuzendla,571,2
Savalyapuram H/O Kanamarlapudi,571,2
Ipur,571,2
Rompicherla,571,2
Narasaraopet,571,2
Muppalla,571,2
Nadendla,571,2
Chilakaluripet,571,2
Edlapadu,571,2
Phirangipuram,571,2
Medikonduru,571,2
Guntur,571,2
Pedakakani,571,2
Duggirala,571,2
Kollipara,571,2
Tenali,571,2
Chebrolu,571,2
Vatticherukuru,571,2
Prathipadu,571,2
Pedanandipadu,571,2
Kakumanu,571,2
Ponnur,571,2
Tsundur,571,2
Amruthalur,571,2
Vemuru,571,2
Kollur,571,2
Bhattiprolu,571,2
Cherukupalle H/O Arumbaka,571,2
Pittalavanipalem,571,2
Karlapalem,571,2
Bapatla,571,2
Nizampatnam,571,2
Nagaram,571,2
Repalle,571,2
Yerragondapalem,583,2
Pullalacheruvu,583,2
Tripuranthakam,583,2
Dornala,583,2
Peda  Araveedu,583,2
Donakonda,583,2
Kurichedu,583,2
Santhamaguluru,583,2
Ballikurava,583,2
Martur,583,2
Yeddana Pudi,583,2
Parchur,583,2
Karamchedu,583,2
Inkollu,583,2
Janakavarampanguluru,583,2
Addanki,583,2
Mundlamuru,583,2
Darsi,583,2
Markapur,583,2
Ardhaveedu,583,2
Cumbum,583,2
Tarlupadu,583,2
Konakanamitla,583,2
Podili,583,2
Thallur,583,2
Korisapadu,583,2
Chirala,583,2
Vetapalem,583,2
Chinaganjam,583,2
Naguluppala Padu,583,2
Maddipadu,583,2
Chimakurthi,583,2
Marripudi,583,2
Hanumanthuni Padu,583,2
Bestawaripeta,583,2
Racherla,583,2
Giddalur,583,2
Komarolu,583,2
Veligandla,583,2
Kanigiri,583,2
Kondapi,583,2
Santhanuthala Padu,583,2
Ongole,583,2
Kotha Patnam,583,2
Tangutur,583,2
Zarugumilli,583,2
Ponnaluru,583,2
Pedacherlo Palle,583,2
Chandra Sekhara Puram,583,2
Pamur,583,2
Voletivaripalem,583,2
Kandukur,583,2
Singarayakonda,583,2
Lingasamudram,583,2
Gudluru,583,2
Ulavapadu,583,2
Seetharamapuram,581,2
Udayagiri,581,2
Varikuntapadu,581,2
Kondapuram,581,2
Jaladanki,581,2
Kavali,581,2
Bogole,581,2
Kaligiri,581,2
Vinjamur,581,2
Duttalur,581,2
Marripadu,581,2
Atmakur,581,2
Anumasamudrampeta,581,2
Dagadarthi,581,2
Allur,581,2
Vidavalur,581,2
Kodavalur,581,2
Buchireddipalem,581,2
Sangam,581,2
Chejerla,581,2
Ananthasagaram,581,2
Kaluvoya,581,2
Rapur,581,2
Podalakur,581,2
Nellore,581,2
Kovur,581,2
Indukurpet,581,2
Thotapalligudur,581,2
Muthukur,581,2
Venkatachalam,581,2
Manubolu,581,2
Gudur,581,2
Sydapuram,581,2
Dakkili,581,2
Venkatagiri,581,2
Balayapalle,581,2
Ojili,581,2
Chillakur,581,2
Kota,581,2
Vakadu,581,2
Chittamur,581,2
Naidupet,581,2
Pellakur,581,2
Doravarisatram,581,2
Sullurpeta,581,2
Tada,581,2
Kondapuram,573,2
Mylavaram,573,2
Peddamudium,573,2
Rajupalem,573,2
Duvvur,573,2
S.Mydukur,573,2
Brahmamgarimattam,573,2
Sri Avadhutha Kasinayana,573,2
Kalasapadu,573,2
Porumamilla,573,2
B.Kodur,573,2
Badvel,573,2
Gopavaram,573,2
Khajipet,573,2
Chapad,573,2
Proddatur,573,2
Jammalamadugu,573,2
Muddanur,573,2
Simhadripuram,573,2
Lingala,573,2
Pulivendla,573,2
Vemula,573,2
Thondur,573,2
Veerapunayunipalle,573,2
Yerraguntla,573,2
Kamalapuram,573,2
Vallur,573,2
Chennur,573,2
Atlur,573,2
Vontimitta,573,2
Sidhout,573,2
Kadapa,573,2
Chinthakommadinne,573,2
Pendlimarri,573,2
Vempalle,573,2
Chakrayapet,573,2
Galiveedu,573,2
Chinnamandem,573,2
Sambepalle,573,2
T Sundupalle,573,2
Rayachoti,573,2
Lakkireddipalle,573,2
Ramapuram,573,2
Veeraballe,573,2
Nandalur,573,2
Penagalur,573,2
Chitvel,573,2
Rajampet,573,2
Pullampeta,573,2
Obulavaripalle,573,2
Kodur,573,2
Mantralayam,577,2
Kosigi,577,2
Kowthalam,577,2
Pedda Kadubur,577,2
Yemmiganur,577,2
Nandavaram,577,2
C.Belagal,577,2
Gudur,577,2
Kallur,577,2
Kurnool,577,2
Nandikotkur,577,2
Pagidyala,577,2
Jupadu Bungalow,577,2
Kothapalle,577,2
Srisailam,577,2
Atmakur,577,2
Pamulapadu,577,2
Midthur,577,2
Orvakal,577,2
Kodumur,577,2
Gonegandla,577,2
Adoni,577,2
Holagunda,577,2
Halaharvi,577,2
Alur,577,2
Aspari,577,2
Devanakonda,577,2
Krishnagiri,577,2
Veldurthi,577,2
Bethamcherla,577,2
Panyam,577,2
Gadivemula,577,2
Velgode,577,2
Bandi Atmakur,577,2
Nandyal,577,2
Mahanandi,577,2
Sirvel,577,2
Gospadu,577,2
Banaganapalle,577,2
Dhone,577,2
Pattikonda,577,2
Chippagiri,577,2
Maddikera (East),577,2
Tuggali,577,2
Peapally,577,2
Owk,577,2
Koilkuntla,577,2
Rudravaram,577,2
Allagadda,577,2
Dornipadu,577,2
Sanjamala,577,2
Kolimigundla,577,2
Uyyalawada,577,2
Chagalamarri,577,2
D.Hirehal,568,2
Rayadurg,568,2
Kanekal,568,2
Bommanahal,568,2
Vidapanakal,568,2
Guntakal,568,2
Gooty,568,2
Peddavadugur,568,2
Yadiki,568,2
Tadpatri,568,2
Peddapappur,568,2
Pamidi,568,2
Vajrakarur,568,2
Uravakonda,568,2
Beluguppa,568,2
Gummagatta,568,2
Brahmasamudram,568,2
Kalyandurg,568,2
Atmakur,568,2
Kudair,568,2
Garladinne,568,2
Singanamala,568,2
Putlur,568,2
Yellanur,568,2
Narpala,568,2
Bukkaraya Samudram,568,2
Anantapur,568,2
Raptadu,568,2
Settur,568,2
Kundurpi,568,2
Kambadur,568,2
Kanaganapalle,568,2
Dharmavaram,568,2
Bathalapalle,568,2
Tadimarri,568,2
Mudigubba,568,2
Talupula,568,2
Nambulipulikunta,568,2
Gandlapenta,568,2
Kadiri,568,2
Nallamada,568,2
Bukkapatnam,568,2
Kothacheruvu,568,2
Chennekothapalle,568,2
Ramagiri,568,2
Roddam,568,2
Madakasira,568,2
Amarapuram,568,2
Gudibanda,568,2
Rolla,568,2
Agali,568,2
Parigi,568,2
Penukonda,568,2
Puttaparthi,568,2
Obuladevaracheruvu,568,2
Nallacheruvu,568,2
Tanakal,568,2
Amadagur,568,2
Gorantla,568,2
Somandepalle,568,2
Hindupur,568,2
Lepakshi,568,2
Chilamathur,568,2
Mulakalacheruvu,569,2
Thamballapalle,569,2
Peddamandyam,569,2
Gurramkonda,569,2
Kalakada,569,2
Kambhamvaripalle,569,2
Rompicherla,569,2
Yerravaripalem,569,2
Tirupati (Rural),569,2
Renigunta,569,2
Yerpedu,569,2
Srikalahasti,569,2
Thottambedu,569,2
Buchinaidu Kandriga,569,2
Varadaiahpalem,569,2
K.V.B.Puram,569,2
Tirupati (Urban),569,2
Chandragiri,569,2
Chinnagottigallu,569,2
Pileru,569,2
Kalikiri,569,2
Valmikipuram,569,2
Kurabalakota,569,2
Pedda Thippasamudram,569,2
B.Kothakota,569,2
Madanapalle,569,2
Nimmanapalle,569,2
Sodam,569,2
Pulicherla,569,2
Pakala,569,2
Vedurukuppam,569,2
Ramachandrapuram,569,2
Vadamalapeta,569,2
Narayanavanam,569,2
Pichatur,569,2
Satyavedu,569,2
Nagalapuram,569,2
Nindra,569,2
Vijayapuram,569,2
Nagari,569,2
Puttur,569,2
Karvetinagar,569,2
Penumuru,569,2
Puthalapattu,569,2
Irala,569,2
Somala,569,2
Chowdepalle,569,2
Ramasamudram,569,2
Punganur,569,2
Peddapanjani,569,2
Gangavaram,569,2
Thavanampalle,569,2
Srirangarajapuram,569,2
Gangadhara Nellore,569,2
Chittoor,569,2
Palamaner,569,2
Baireddipalle,569,2
Venkatagirikota,569,2
Santhipuram,569,2
Gudupalle,569,2
Kuppam,569,2
Ramakuppam,569,2
Bangarupalem,569,2
Yadamarri,569,2
Gudipala,569,2
Palasamudram,569,2
Chikodi,593,17
Athni,593,17
Raybag,593,17
Gokak,593,17
Hukeri,593,17
Belgaum,593,17
Khanapur,593,17
Sampgaon,593,17
Parasgad,593,17
Ramdurg,593,17
Jamkhandi,590,17
Bilgi,590,17
Mudhol,590,17
Badami,590,17
Bagalkot,590,17
Hungund,590,17
Bijapur,596,17
Indi,596,17
Sindgi,596,17
Basavana Bagevadi,596,17
Muddebihal,596,17
Basavakalyan,595,17
Bhalki,595,17
Aurad,595,17
Bidar,595,17
Homnabad,595,17
Lingsugur,613,17
Devadurga,613,17
Raichur,613,17
Manvi,613,17
Sindhnur,613,17
Yelbarga,610,17
Kushtagi,610,17
Gangawati,610,17
Koppal,610,17
Nargund,604,17
Ron,604,17
Gadag,604,17
Shirhatti,604,17
Mundargi,604,17
Dharwad,603,17
Navalgund,603,17
Hubli,603,17
Kalghatgi,603,17
Kundgol,603,17
Karwar,618,17
Supa,618,17
Haliyal,618,17
Yellapur,618,17
Mundgod,618,17
Sirsi,618,17
Ankola,618,17
Kumta,618,17
Siddapur,618,17
Honavar,618,17
Bhatkal,618,17
Shiggaon,607,17
Savanur,607,17
Hangal,607,17
Haveri,607,17
Byadgi,607,17
Hirekerur,607,17
Ranibennur,607,17
Hadagalli,594,17
Hagaribommanahalli,594,17
Hospet,594,17
Siruguppa,594,17
Bellary,594,17
Sandur,594,17
Kudligi,594,17
Molakalmuru,600,17
Challakere,600,17
Chitradurga,600,17
Holalkere,600,17
Hosdurga,600,17
Hiriyur,600,17
Harihar,602,17
Harapanahalli,602,17
Jagalur,602,17
Davanagere,602,17
Honnali,602,17
Channagiri,602,17
Sagar,615,17
Sorab,615,17
Shikarpur,615,17
Hosanagara,615,17
Tirthahalli,615,17
Shimoga,615,17
Bhadravati,615,17
Kundapura,617,17
Udupi,617,17
Karkal,617,17
Sringeri,598,17
Koppa,598,17
Narasimharajapura,598,17
Tarikere,598,17
Kadur,598,17
Chikmagalur,598,17
Mudigere,598,17
Chiknayakanhalli,616,17
Sira,616,17
Pavagada,616,17
Madhugiri,616,17
Koratagere,616,17
Tumkur,616,17
Gubbi,616,17
Tiptur,616,17
Turuvekere,616,17
Kunigal,616,17
Bangalore North,591,17
Bangalore South,591,17
Bangalore East,591,17
Anekal,591,17
Krishnarajpet,611,17
Nagamangala,611,17
Pandavapura,611,17
Shrirangapattana,611,17
Mandya,611,17
Maddur,611,17
Malavalli,611,17
Sakleshpur,606,17
Belur,606,17
Arsikere,606,17
Hassan,606,17
Alur,606,17
Arkalgud,606,17
Hole Narsipur,606,17
Channarayapatna,606,17
Mangalore,601,17
Bantval,601,17
Beltangadi,601,17
Puttur,601,17
Sulya,601,17
Madikeri,608,17
Somvarpet,608,17
Virajpet,608,17
Piriyapatna,612,17
Hunsur,612,17
Krishnarajanagara,612,17
Mysore,612,17
Heggadadevankote,612,17
Nanjangud,612,17
Tirumakudal - Narsipur,612,17
Gundlupet,597,17
Chamarajanagar,597,17
Yelandur,597,17
Kollegal,597,17
Aland,605,17
Afzalpur,605,17
Gulbarga,605,17
Chincholi,605,17
Sedam,605,17
Chitapur,605,17
Jevargi,605,17
Shorapur,619,17
Shahpur,619,17
Yadgir,619,17
Srinivaspur,609,17
Kolar,609,17
Malur,609,17
Bangarapet,609,17
Mulbagal,609,17
Gauribidanur,599,17
Chikkaballapura,599,17
Gudibanda,599,17
Bagepalli,599,17
Sidlaghatta,599,17
Chintamani,599,17
Nelamangala,592,17
Dod Ballapur,592,17
Devanahalli,592,17
Hosakote,592,17
Magadi,614,17
Ramanagara,614,17
Channapatna,614,17
Kanakapura,614,17
Pernem,620,11
Bardez,620,11
Tiswadi,620,11
Bicholim,620,11
Satari,620,11
Ponda,620,11
Mormugao,621,11
Salcete,621,11
Quepem,621,11
Sanguem,621,11
Canacona,621,11
Amini,622,19
Bitra,622,19
Chetlat,622,19
Kiltan,622,19
Kadmat,622,19
Kavaratti,622,19
Agatti,622,19
Andrott,622,19
Kalpeni,622,19
Minicoy,622,19
Kasaragod,627,18
Hosdurg,627,18
Taliparamba,626,18
Kannur,626,18
Thalassery,626,18
Mananthavady,636,18
Sulthanbathery,636,18
Vythiri,636,18
Vadakara,630,18
Quilandy,630,18
Kozhikode,630,18
Ernad,631,18
Nilambur,631,18
Perinthalmanna,631,18
Tirur,631,18
Tirurangadi,631,18
Ponnani,631,18
Ottappalam,632,18
Mannarkad,632,18
Palakkad,632,18
Chittur,632,18
Alathur,632,18
Talappilly,635,18
Chavakkad,635,18
Thrissur,635,18
Kodungallur,635,18
Mukundapuram,635,18
Kunnathunad,624,18
Aluva,624,18
Paravur,624,18
Kochi,624,18
Kanayannur,624,18
Muvattupuzha,624,18
Kothamangalam,624,18
Devikulam,625,18
Udumbanchola,625,18
Thodupuzha,625,18
Peerumade,625,18
Meenachil,629,18
Vaikom,629,18
Kottayam,629,18
Changanassery,629,18
Kanjirappally,629,18
Cherthala,623,18
Ambalappuzha,623,18
Kuttanad,623,18
Karthikappally,623,18
Chengannur,623,18
Mavelikkara,623,18
Thiruvalla,633,18
Mallappally,633,18
Ranni,633,18
Kozhenchery,633,18
Adoor,633,18
Karunagappally,628,18
Kunnathur,628,18
Pathanapuram,628,18
Kottarakkara,628,18
Kollam,628,18
Chirayinkeezhu,634,18
Nedumangad,634,18
Thiruvananthapuram,634,18
Neyyattinkara,634,18
Gummidipoondi,663,31
Ponneri,663,31
Uthukkottai,663,31
Tiruttani,663,31
Pallipattu,663,31
Thiruvallur,663,31
Poonamallee,663,31
Ambattur,663,31
Mathavaram,663,31
Sriperumbudur,644,31
Tambaram,644,31
Alandur,644,31
Sholinganallur,644,31
Chengalpattu,644,31
Kancheepuram,644,31
Uthiramerur,644,31
Tirukalukundram,644,31
Maduranthakam,644,31
Cheyyur,644,31
Gudiyatham,666,31
Katpadi,666,31
Wallajah,666,31
Arakonam,666,31
Arcot,666,31
Vellore,666,31
Vaniyambadi,666,31
Ambur,666,31
Tirupathur,666,31
Arani,664,31
Cheyyar,664,31
Vandavasi,664,31
Polur,664,31
Chengam,664,31
Thandrampet,664,31
Tiruvannamalai,664,31
Gingee,667,31
Tindivanam,667,31
Vanur,667,31
Viluppuram,667,31
Tirukkoyilur,667,31
Sankarapuram,667,31
Kallakkurichi,667,31
Ulundurpettai,667,31
Mettur,655,31
Omalur,655,31
Edappadi,655,31
Sankari,655,31
Salem,655,31
Yercaud,655,31
Vazhapadi,655,31
Attur,655,31
Gangavalli,655,31
Tiruchengode,650,31
Rasipuram,650,31
Namakkal,650,31
Paramathi-Velur,650,31
Sathyamangalam,643,31
Bhavani,643,31
Gobichettipalayam,643,31
Perundurai,643,31
Erode,643,31
Panthalur,651,31
Gudalur,651,31
Udhagamandalam,651,31
Kotagiri,651,31
Coonoor,651,31
Kundah,651,31
Palani,642,31
Oddanchatram,642,31
Vedasandur,642,31
Natham,642,31
Dindigul,642,31
Attur,642,31
Kodaikanal,642,31
Nilakkottai,642,31
Aravakurichi,646,31
Karur,646,31
Krishnarayapuram,646,31
Kulithalai,646,31
Kadavur,646,31
Thottiyam,660,31
Musiri,660,31
Thuraiyur,660,31
Manachanallur,660,31
Lalgudi,660,31
Srirangam,660,31
Tiruchirappalli,660,31
Thiruverumbur,660,31
Manapparai,660,31
Veppanthattai,652,31
Perambalur,652,31
Kunnam,652,31
Sendurai,637,31
Udayarpalayam,637,31
Ariyalur,637,31
Panruti,640,31
Cuddalore,640,31
Kurinjipadi,640,31
Chidambaram,640,31
Kattumannarkoil,640,31
Virudhachalam,640,31
Tittakudi,640,31
Sirkali,649,31
Mayiladuthurai,649,31
Kuthalam,649,31
Tharangambadi,649,31
Nagapattinam,649,31
Kilvelur,649,31
Thirukkuvalai,649,31
Vedaranyam,649,31
Valangaiman,665,31
Kodavasal,665,31
Nannilam,665,31
Thiruvarur,665,31
Needamangalam,665,31
Mannargudi,665,31
Thiruthuraipoondi,665,31
Thiruvidaimarudur,657,31
Kumbakonam,657,31
Papanasam,657,31
Thiruvaiyaru,657,31
Thanjavur,657,31
Orathanadu,657,31
Pattukkottai,657,31
Peravurani,657,31
Iluppur,653,31
Kulathur,653,31
Gandarvakkottai,653,31
Pudukkottai,653,31
Thirumayam,653,31
Ponnamaravathi,653,31
Alangudi,653,31
Karambakudi,653,31
Aranthangi,653,31
Manamelkudi,653,31
Avudayarkoil,653,31
Tirupathur,656,31
Karaikkudi,656,31
Devakottai,656,31
Sivaganga,656,31
Manamadurai,656,31
Ilayangudi,656,31
Melur,648,31
Madurai North,648,31
Vadipatti,648,31
Usilampatti,648,31
Peraiyur,648,31
Thirumangalam,648,31
Madurai South,648,31
Bodinayakanur,658,31
Periyakulam,658,31
Theni,658,31
Uthamapalayam,658,31
Andipatti,658,31
Rajapalayam,668,31
Srivilliputhur,668,31
Sivakasi,668,31
Virudhunagar,668,31
Kariapatti,668,31
Tiruchuli,668,31
Aruppukkottai,668,31
Sattur,668,31
Tiruvadanai,654,31
Paramakudi,654,31
Mudukulathur,654,31
Kamuthi,654,31
Kadaladi,654,31
Ramanathapuram,654,31
Rameswaram,654,31
Kovilpatti,659,31
Ettayapuram,659,31
Vilathikulam,659,31
Ottapidaram,659,31
Thoothukkudi,659,31
Srivaikuntam,659,31
Tiruchendur,659,31
Sathankulam,659,31
Sivagiri,661,31
Sankarankoil,661,31
Veerakeralamputhur,661,31
Tenkasi,661,31
Shenkottai,661,31
Alangulam,661,31
Tirunelveli,661,31
Palayamkottai,661,31
Ambasamudram,661,31
Nanguneri,661,31
Radhapuram,661,31
Vilavancode,645,31
Kalkulam,645,31
Thovala,645,31
Agastheeswaram,645,31
Palakkodu,641,31
Harur,641,31
Pappireddipatti,641,31
Dharmapuri,641,31
Pennagaram,641,31
Hosur,647,31
Krishnagiri,647,31
Denkanikottai,647,31
Pochampalli,647,31
Uthangarai,647,31
Mettupalayam,639,31
Sulur,639,31
Coimbatore North,639,31
Coimbatore South,639,31
Pollachi,639,31
Valparai,639,31
Kangeyam,662,31
Dharapuram,662,31
Avanashi,662,31
Tiruppur,662,31
Palladam,662,31
Udumalaipettai,662,31
Madathukulam,662,31
Yanam Taluk,672,27
Puducherry Taluk,671,27
Ozhukarai Taluk,671,27
Villianur Taluk,671,27
Bahour Taluk,671,27
Mahe Taluk,670,27
Karaikal Taluk,669,27
Thirunallar Taluk,669,27
Car Nicobar,673,1
Nancowry,673,1
Great Nicobar,673,1
Diglipur,674,1
Mayabunder,674,1
Rangat,674,1
Ferrargunj,675,1
Port Blair,675,1
Little Andaman,675,1
